;molecule_chembl_id;units;IC50;smiles;pIC50;MW;HBA;HBD;LogP;rule_of_five_conform
0;CHEMBL3701767;nM;0.26;CC1(O)CC(N)(C1)c2ccc(cc2)c3nc4c5cc(ccc5OCn4c3c6ccccc6)C(=O)N;9.585026652029182;466.20049069199996;6;3;4.0317000000000025;yes
2;CHEMBL3701766;nM;0.28;CNC(=O)c1ccc2OCn3c(nc(c4ccc(cc4)C5(N)CC(C)(O)C5)c3c6ccccc6)c2c1;9.55284196865778;480.21614075599996;6;3;4.292400000000003;yes
3;CHEMBL3701717;nM;0.29;NC1(CC(O)(C1)C2CC2)c3ccc(cc3)c4nc5c6c(F)cccc6OCn5c4c7ccccc7;9.537602002101043;467.20090529199996;5;2;5.462000000000004;yes
4;CHEMBL3701737;nM;0.3;NC1(CC(O)(C1)C2CC2)c3ccc(cc3)c4nc5c6c(Cl)cccc6OCn5c4c7ccccc7;9.522878745280336;483.171354752;5;2;5.976300000000005;yes
5;CHEMBL3701769;nM;0.31;CCNC(=O)c1ccc2OCn3c(nc(c4ccc(cc4)C5(N)CC(C)(O)C5)c3c6ccccc6)c2c1;9.508638306165727;494.23179081999996;6;3;4.682500000000004;yes
6;CHEMBL3701762;nM;0.32;CC1(O)CC(N)(C1)c2ccc(cc2)c3nc4c5cc(ccc5OCn4c3c6ccccc6)c7ccn[nH]7;9.494850021680094;489.21647510400004;6;3;5.322900000000004;yes
7;CHEMBL3701776;nM;0.4;CC1(O)CC(N)(C1)c2ccc(cc2)c3nc4c5ccc(cc5OCn4c3c6ccccc6)C(=O)N;9.397940008672037;466.20049069199996;6;3;4.0317000000000025;yes
8;CHEMBL3701775;nM;0.4;CCONC(=O)c1ccc2OCn3c(nc(c4ccc(cc4)C5(N)CC(C)(O)C5)c3c6ccccc6)c2c1;9.397940008672037;510.22670544;7;3;4.614100000000003;yes
9;CHEMBL3701763;nM;0.42;CC1(O)CC(N)(C1)c2ccc(cc2)c3nc4c5cc(ccc5OCn4c3c6ccccc6)c7cn[nH]c7;9.3767507096021;489.21647510400004;6;3;5.322900000000004;yes
10;CHEMBL3701749;nM;0.48;NC1(CC(O)(C1)C2CC2)c3ccc(cc3)c4nc5c6ccncc6OCn5c4c7ccccc7;9.318758762624412;450.205576072;6;2;4.717900000000004;yes
11;CHEMBL3701770;nM;0.49;CNC(=O)c1ccc2c(OCn3c2nc(c4ccc(cc4)C5(N)CC(C)(O)C5)c3c6ccccc6)c1;9.309803919971486;480.21614075599996;6;3;4.292400000000003;yes
12;CHEMBL3701718;nM;0.5;CC1(O)CC(N)(C1)c2ccc(cc2)c3nc4c5c(F)cccc5OCn4c3c6ccccc6;9.30102999566398;441.18525522799996;5;2;5.071900000000004;yes
13;CHEMBL3701773;nM;0.53;CCONC(=O)c1ccc2c(OCn3c2nc(c4ccc(cc4)C5(N)CC(C)(O)C5)c3c6ccccc6)c1;9.275724130399214;510.22670544;7;3;4.614100000000003;yes
14;CHEMBL3701758;nM;0.55;CC1(O)CC(N)(C1)c2ccc(cc2)c3nc4c5cc(CO)ccc5OCn4c3c6ccccc6;9.259637310505756;453.205241724;6;3;4.425100000000003;yes
15;CHEMBL3701774;nM;0.57;CC1(O)CC(N)(C1)c2ccc(cc2)c3nc4c5cc(ccc5OCn4c3c6ccccc6)C(=O)NCCO;9.244125144327509;510.22670543999993;7;4;3.654900000000002;yes
16;CHEMBL3701734;nM;0.6;COc1ccc2c(OCn3c2nc(c4ccc(cc4)C5(N)CC(O)(C5)C6CC6)c3c7ccccc7)c1;9.221848749616356;479.220891788;6;2;5.331500000000004;yes
17;CHEMBL3701772;nM;0.7;CC1(O)CC(N)(C1)c2ccc(cc2)c3nc4c5ccc(cc5OCn4c3c6ccccc6)C(=O)NCCO;9.154901959985743;510.22670543999993;7;4;3.654900000000002;yes
18;CHEMBL3701720;nM;0.71;NC1(CC(O)(C1)C2CC2)c3ccc(cc3)c4nc5c6c(F)cccc6OCn5c4c7ccsc7;9.148741651280924;473.157326228;6;2;5.523500000000003;yes
19;CHEMBL3701750;nM;0.74;CC1(O)CC(N)(C1)c2ccc(cc2)c3nc4c5ccncc5OCn4c3c6ccccc6;9.130768280269024;424.189926008;6;2;4.3278000000000025;yes
20;CHEMBL3701735;nM;0.75;COc1ccc2OCn3c(nc(c4ccc(cc4)C5(N)CC(C)(O)C5)c3c6ccccc6)c2c1;9.1249387366083;453.20524172399996;6;2;4.941400000000003;yes
21;CHEMBL3701746;nM;0.78;CCC1(O)CC(N)(C1)c2ccc(cc2)c3nc4c5cnccc5OCn4c3c6ccccc6;9.10790539730952;438.205576072;6;2;4.717900000000003;yes
22;CHEMBL3701764;nM;0.85;Cc1cnc2c(OCn3c2nc(c4ccc(cc4)C5(N)CC(C)(O)C5)c3c6ccccc6)c1;9.070581074285707;438.205576072;6;2;4.636220000000003;yes
23;CHEMBL3701721;nM;0.91;NC1(CC(O)(C1)C2CC2)c3ccc(cc3)c4nc5c6c(F)cccc6OCn5c4c7ccncc7;9.040958607678906;468.19615426;6;2;4.857000000000003;yes
24;CHEMBL3701752;nM;0.91;NC1(CC(O)(C1)C2CC2)c3ccc(cc3)c4nc5c6cccnc6OCn5c4c7ccccc7;9.040958607678906;450.205576072;6;2;4.717900000000004;yes
25;CHEMBL3701736;nM;0.91;COc1ccc2c(OCn3c2nc(c4ccc(cc4)C5(N)CC(C)(O)C5)c3c6ccccc6)c1;9.040958607678906;453.205241724;6;2;4.941400000000003;yes
26;CHEMBL3701722;nM;0.91;CC1(O)CC(N)(C1)c2ccc(cc2)c3nc4c5c(F)cccc5OCn4c3c6ccsc6;9.040958607678906;447.141676164;6;2;5.133400000000003;yes
27;CHEMBL3701777;nM;0.91;CC1(O)CC(O)(C1)c2ccc(cc2)c3nc4c5cc(ccc5OCn4c3c6ccccc6)C(=O)O;9.040958607678906;468.16852186799997;6;3;4.664600000000004;yes
28;CHEMBL3701778;nM;0.94;CC1(O)CC(O)(C1)c2ccc(cc2)c3nc4c5ccc(cc5OCn4c3c6ccccc6)C(=O)O;9.0268721464003;468.16852186799997;6;3;4.664600000000004;yes
29;CHEMBL3701753;nM;0.97;CC1(O)CC(N)(C1)c2ccc(cc2)c3nc4c5cccnc5OCn4c3c6ccccc6;9.013228265733757;424.189926008;6;2;4.327800000000003;yes
30;CHEMBL3701761;nM;0.97;CC1(O)CC(N)(C1)c2ccc(cc2)c3nc4c5cc(ccc5OCn4c3c6ccccc6)C#N;9.013228265733757;448.189926008;6;2;4.804480000000003;yes
31;CHEMBL3701724;nM;1.0;CC1(O)CC(N)(C1)c2ccc(cc2)c3nc4c5cc(F)ccc5OCn4c3c6ccccc6;9.0;441.18525522799996;5;2;5.071900000000004;yes
32;CHEMBL3701727;nM;1.0;NC1(CC(O)(C1)C2CC2)c3ccc(cc3)c4nc5c6ccccc6OCn5c4c7ccccc7;9.0;449.210327104;5;2;5.322900000000004;yes
33;CHEMBL3701723;nM;1.1;CC1(O)CC(N)(C1)c2ccc(cc2)c3nc4c5c(F)cccc5OCn4c3c6ccncc6;8.958607314841776;442.180504196;6;2;4.4669000000000025;yes
34;CHEMBL3701751;nM;1.1;NC1(CCC1)c2ccc(cc2)c3nc4c5ccncc5OCn4c3c6ccccc6;8.958607314841776;394.179361324;5;1;4.966900000000003;yes
35;CHEMBL3701765;nM;1.1;COc1ccc2OCn3c(nc(c4ccc(cc4)C5(N)CC(C)(O)C5)c3c6ccccc6)c2n1;8.958607314841776;454.20049069199996;7;2;4.336400000000002;yes
36;CHEMBL3701747;nM;1.1;CC1(O)CC(N)(C1)c2ccc(cc2)c3nc4c5cnccc5OCn4c3c6ccccc6;8.958607314841776;424.189926008;6;2;4.3278000000000025;yes
37;CHEMBL3701760;nM;1.2;CC1(O)CC(N)(C1)c2ccc(cc2)c3nc4c5ccc(cc5OCn4c3c6ccccc6)C#N;8.920818753952375;448.189926008;6;2;4.804480000000003;yes
38;CHEMBL3701719;nM;1.2;NC1(CCC1)c2ccc(cc2)c3nc4c5c(F)cccc5OCn4c3c6ccccc6;8.920818753952375;411.174690544;4;1;5.711000000000004;yes
39;CHEMBL3701768;nM;1.3;CN(C)C(=O)c1ccc2OCn3c(nc(c4ccc(cc4)C5(N)CC(C)(O)C5)c3c6ccccc6)c2c1;8.886056647693161;494.23179081999996;6;2;4.634600000000003;yes
40;CHEMBL3701726;nM;1.4;NC1(CC(O)(C1)C2CC2)c3ccc(cc3)c4nc5c6cccc(F)c6OCn5c4c7ccccc7;8.853871964321762;467.20090529199996;5;2;5.462000000000004;yes
41;CHEMBL3701741;nM;1.5;Cc1ccc2c(OCn3c2nc(c4ccc(cc4)C5(N)CC(O)(C5)C6CC6)c3c7ccccc7)c1;8.823908740944319;463.225977168;5;2;5.631320000000005;yes
42;CHEMBL3701742;nM;1.6;NC1(CC(O)(C1)C2CC2)c3ccc(cc3)c4nc5c6ncccc6OCn5c4c7ccccc7;8.795880017344075;450.205576072;6;2;4.717900000000004;yes
43;CHEMBL3701754;nM;1.6;NC1(CCC1)c2ccc(cc2)c3nc4c5cccnc5OCn4c3c6ccccc6;8.795880017344075;394.179361324;5;1;4.966900000000003;yes
44;CHEMBL3701748;nM;1.7;NC1(CCC1)c2ccc(cc2)c3nc4c5cnccc5OCn4c3c6ccccc6;8.769551078621726;394.179361324;5;1;4.966900000000003;yes
45;CHEMBL3679632;nM;1.7;C[C@@]1(O)C[C@@](N)(C1)c2ccc(cc2)c3nc4ccc5nnc(C(F)F)n5c4cc3c6ccccc6;8.769551078621726;471.18706679600007;6;2;5.247900000000004;yes
46;CHEMBL3701728;nM;1.7;CC1(O)CC(N)(C1)c2ccc(cc2)c3nc4c5ccccc5OCn4c3c6ccccc6;8.769551078621726;423.19467704;5;2;4.932800000000004;yes
47;CHEMBL3701738;nM;1.7;CCOc1cccc2OCn3c(nc(c4ccc(cc4)C5(N)CC(O)(C5)C6CC6)c3c7ccccc7)c12;8.769551078621726;493.236541852;6;2;5.721600000000005;yes
48;CHEMBL3701739;nM;1.8;CCOc1cccc2OCn3c(nc(c4ccc(cc4)C5(N)CC(C)(O)C5)c3c6ccccc6)c12;8.744727494896694;467.220891788;6;2;5.331500000000005;yes
49;CHEMBL3701725;nM;2.0;CC1(O)CC(N)(C1)c2ccc(cc2)c3nc4c5ccc(F)cc5OCn4c3c6ccccc6;8.698970004336019;441.18525522799996;5;2;5.071900000000004;yes
50;CHEMBL3701732;nM;2.0;COc1cccc2OCn3c(nc(c4ccc(cc4)C5(N)CC(O)(C5)C6CC6)c3c7ccccc7)c12;8.698970004336019;479.220891788;6;2;5.331500000000005;yes
51;CHEMBL3701743;nM;2.0;CC1(O)CC(N)(C1)c2ccc(cc2)c3nc4c5ncccc5OCn4c3c6ccccc6;8.698970004336019;424.189926008;6;2;4.3278000000000025;yes
52;CHEMBL598194;nM;2.2;NC1(CCN(CC1)c2ncnc3[nH]ccc23)C(=O)NCc4ccc(Cl)cc4;8.657577319177793;384.146536972;5;3;2.2253999999999996;yes
53;CHEMBL3701759;nM;2.7;CC1(O)CC(N)(C1)c2ccc(cc2)c3nc4c5ccc(CO)cc5OCn4c3c6ccccc6;8.568636235841014;453.20524172399996;6;3;4.425100000000003;yes
54;CHEMBL3701729;nM;2.8;NC1(CCC1)c2ccc(cc2)c3nc4c5ccccc5OCn4c3c6ccccc6;8.55284196865778;393.184112356;4;1;5.571900000000004;yes
55;CHEMBL228867;nM;3.0;C\C(=C/1\C(=O)Nc2ccc(NC(=O)N)cc12)\c3cc(CNC(=O)CCN4CCCCC4)c[nH]3;8.522878745280337;450.23793882;4;5;2.8803;yes
57;CHEMBL2177361;nM;3.0;C[C@@H]1C[C@@H](O)c2ncnc(N3CCN(CC3)C(=O)[C@H](CNCC4CC4)c5ccc(c(F)c5)C(F)(F)F)c12;8.522878745280337;521.241388112;6;2;3.6071000000000017;yes
58;CHEMBL409503;nM;3.0;NCC1(Cc2ccc(Cl)cc2)CCN(CC1)c3ncnc4[nH]cnc34;8.522878745280337;356.15162235200006;5;2;2.7943000000000007;yes
59;CHEMBL228652;nM;3.0;NCc1cccc(c1)c2c[nH]c(\C=C\3/C(=O)Nc4ccc(NC(=O)N)cc34)c2;8.522878745280337;373.15387484800004;3;5;3.1237000000000004;yes
60;CHEMBL3701755;nM;3.3;NC1(CC(O)(C1)C2CC2)c3ccc(cc3)c4nc5c6nccnc6OCn5c4c7ccccc7;8.481486060122112;451.20082504000004;7;2;4.112900000000003;yes
61;CHEMBL3701771;nM;3.5;CN(C)C(=O)c1ccc2c(OCn3c2nc(c4ccc(cc4)C5(N)CC(C)(O)C5)c3c6ccccc6)c1;8.455931955649724;494.23179081999996;6;2;4.634600000000003;yes
62;CHEMBL228810;nM;4.0;CN1CCC(CC1)C(=O)NCc2c[nH]c(c2)\C(=C\3/C(=O)Nc4ccc(NC(=O)N)cc34)\C;8.397940008672037;436.222288756;4;5;2.346099999999999;yes
63;CHEMBL523859;nM;4.0;CCn1c(nc2c(ncc(OCC[C@@H](N)Cc3ccccc3)c12)C#CC(C)(C)O)c4nonc4N;8.397940008672037;475.23318778800007;10;3;2.5447;yes
65;CHEMBL597600;nM;4.0;NC1(CCN(CC1)c2ncnc3[nH]ccc23)C(=O)NCc4ccc(Cl)cc4F;8.397940008672037;402.13711515999995;5;3;2.3644999999999996;yes
66;CHEMBL2177378;nM;4.0;C[C@@H]1C[C@@H](O)c2ncnc(N3CCN(CC3)C(=O)[C@H](CNC(C)(C)CO)c4ccc(Cl)cc4)c12;8.397940008672037;487.235017628;7;3;2.4635000000000007;yes
69;CHEMBL228804;nM;4.0;CN(C)CCNC(=O)c1cccc(c1)c2c[nH]c(\C=C\3/C(=O)Nc4ccc(NC(=O)N)cc34)c2;8.397940008672037;458.206638692;4;5;2.9563999999999995;yes
70;CHEMBL425650;nM;4.0;NC(=O)Nc1ccc2NC(=O)\C(=C/c3cc(c[nH]3)c4cccc(c4)C(=O)NCCN5CCCCC5)\c2c1;8.397940008672037;498.23793882;4;5;3.8807000000000036;yes
71;CHEMBL3701756;nM;4.0;CC1(O)CC(N)(C1)c2ccc(cc2)c3nc4c5nccnc5OCn4c3c6ccccc6;8.397940008672037;425.18517497600004;7;2;3.722800000000003;yes
72;CHEMBL3701744;nM;4.0;NC1(CCC1)c2ccc(cc2)c3nc4c5ncccc5OCn4c3c6ccccc6;8.397940008672037;394.179361324;5;1;4.966900000000003;yes
74;CHEMBL3701745;nM;4.6;CCC1(O)CC(N)(C1)c2ccc(cc2)c3nc4c5ncccc5OCn4c3c6ccccc6;8.337242168318426;438.205576072;6;2;4.717900000000003;yes
75;CHEMBL599849;nM;4.9;NC1(CCN(CC1)c2ncnc3[nH]ccc23)C(=O)NCc4ccc(Cl)cc4Cl;8.309803919971486;418.10756461999995;5;3;2.8788;yes
76;CHEMBL260000;nM;5.0;NCC1(Cc2ccc(Cl)cc2)CCN(CC1)c3ncnc4[nH]ccc34;8.301029995663981;355.156373384;4;2;3.399300000000002;yes
77;CHEMBL522351;nM;5.0;CCn1c(nc2c(ncc(OCCCNC[C@H](O)CO)c12)C#CC(C)(C)O)c3nonc3N;8.301029995663981;459.223017028;12;5;-0.08249999999999835;yes
78;CHEMBL2178597;nM;5.0;C[C@@H]1C[C@@H](O)c2ncnc(N3CCN(CC3)C(=O)[C@H](CNC(C)(C)C)c4ccc(c(F)c4)C(F)(F)F)c12;8.301029995663981;523.257038176;6;2;3.9956000000000023;yes
79;CHEMBL598842;nM;5.0;NC1(CCN(CC1)c2ncnc3NC(=O)Nc23)C(=O)NCc4ccc(Cl)cc4;8.301029995663981;401.13670056;6;4;0.9137;yes
80;CHEMBL228811;nM;5.0;C\C(=C/1\C(=O)Nc2ccc(NC(=O)N)cc12)\c3cc(CNC(=O)C4CNCCN4)c[nH]3;8.301029995663981;423.20188766000007;5;7;0.5657000000000008;yes
81;CHEMBL228547;nM;5.0;NC(=O)Nc1ccc2NC(=O)\C(=C/c3cc(c[nH]3)c4cccc(c4)C(=O)N)\c2c1;8.301029995663981;387.133139404;3;5;2.7639000000000005;yes
83;CHEMBL228812;nM;5.0;C\C(=C/1\C(=O)Nc2ccc(NC(=O)N)cc12)\c3cc(CNC(=O)CN)c[nH]3;8.301029995663981;368.1596885;4;6;0.9629999999999996;yes
84;CHEMBL378963;nM;5.0;N[C@H](COc1cnc(Cl)c(c1)c2ccc3cnccc3c2)Cc4c[nH]c5ccccc45;8.301029995663981;428.14038897200004;4;2;5.380300000000003;yes
85;CHEMBL228756;nM;5.0;C\C(=C/1\C(=O)Nc2ccc(NC(=O)N)cc12)\c3cc(CNC(=O)c4ccncc4)c[nH]3;8.301029995663981;416.1596885;4;5;2.7131000000000007;yes
86;CHEMBL228654;nM;5.0;C\C(=C/1\C(=O)Nc2ccc(NC(=O)N)cc12)\c3ccc[nH]3;8.301029995663981;282.111675688;2;4;2.3880999999999997;yes
87;CHEMBL207544;nM;5.0;N[C@H](COc1cnc(C#C)c(c1)c2ccc3cnccc3c2)Cc4c[nH]c5ccccc45;8.301029995663981;418.179361324;4;2;4.708200000000003;yes
88;CHEMBL3701733;nM;5.1;COc1ccc2OCn3c(nc(c4ccc(cc4)C5(N)CC(O)(C5)C6CC6)c3c7ccccc7)c2c1;8.292429823902062;479.22089178799996;6;2;5.331500000000005;yes
89;CHEMBL3701730;nM;5.4;NC1(CCC1)c2ccc(cc2)c3nc4c5ccccc5OCn4c3c6ccsc6;8.267606240177031;399.140533292;5;1;5.6334000000000035;yes
90;CHEMBL596991;nM;5.5;NC1(Cc2ccc(Cl)cc2)CCN(CC1)c3ccnc4[nH]ccc34;8.259637310505756;340.14547435200006;3;2;3.756700000000002;yes
91;CHEMBL598206;nM;5.7;NC1(CCN(CC1)c2ncnc3[nH]ccc23)C(=O)NCc4ccc(Cl)c(Cl)c4;8.244125144327509;418.10756461999995;5;3;2.8788;yes
92;CHEMBL228757;nM;6.0;C\C(=C/1\C(=O)Nc2ccc(NC(=O)N)cc12)\c3cc(CNC(=O)C4CCNCC4)c[nH]3;8.221848749616356;422.206638692;4;6;2.0039;yes
94;CHEMBL263664;nM;6.0;NC1(Cc2ccc(Cl)cc2)CCN(CC1)c3ncnc4[nH]ccc34;8.221848749616356;341.14072332;4;2;3.1517000000000017;yes
95;CHEMBL2177379;nM;6.0;C[C@@H]1C[C@@H](O)c2ncnc(N3CCN(CC3)C(=O)[C@H]([C@@H]4CCCN4)c5ccc(Cl)cc5)c12;8.221848749616356;455.20880288;6;2;2.8550000000000013;yes
97;CHEMBL2177387;nM;6.0;CC(C)NC[C@@H](C(=O)N1CCN(CC1)c2ncnc3CC[C@@H](C=C)c23)c4ccc(Cl)cc4;8.221848749616356;453.229538324;5;1;3.776200000000003;yes
98;CHEMBL228439;nM;6.0;NC(=O)Nc1ccc2NC(=O)\C(=C/c3cc(c[nH]3)c4cccc(O)c4)\c2c1;8.221848749616356;360.12224037199996;3;5;3.3706000000000014;yes
99;CHEMBL2177368;nM;6.0;C[C@@H]1C[C@@H](O)c2ncnc(N3CCN(CC3)C(=O)[C@H](CNCC4CCOCC4)c5ccc(Cl)cc5)c12;8.221848749616356;513.250667692;7;2;3.119200000000002;yes
100;CHEMBL2178598;nM;6.0;C[C@@H]1C[C@@H](O)c2ncnc(N3CCN(CC3)C(=O)[C@H](CNC(C)(C)CO)c4ccc(c(F)c4)C(F)(F)F)c12;8.221848749616356;539.251952796;7;3;2.9680000000000017;yes
101;CHEMBL2177388;nM;6.0;CC(C)NC[C@@H](C(=O)N1CCN(CC1)c2ncnc3CC[C@@H](CF)c23)c4ccc(Cl)cc4;8.221848749616356;459.220116512;5;1;3.559700000000002;yes
102;CHEMBL496690;nM;6.0;NC[C@H](Cc1ccc(F)cc1)NC(=O)c2cc(Br)c(s2)c3ccnc4[nH]ccc34;8.221848749616356;472.0368725160001;4;3;4.492800000000003;yes
103;CHEMBL594933;nM;6.0;Cc1n[nH]c2cnc(cc12)c3cc(OC[C@@H](N)Cc4c[nH]c5ccccc45)cnc3c6cocc6;8.221848749616356;464.196074008;6;3;5.018420000000003;yes
104;CHEMBL388978;nM;6.5;CN[C@@H]1C[C@H]2O[C@@](C)([C@@H]1OC)n3c4ccccc4c5c6CNC(=O)c6c7c8ccccc8n2c7c35;8.187086643357143;466.200490692;6;2;4.354000000000003;yes
105;CHEMBL3701731;nM;6.5;NC1(CCC1)c2ccc(cc2)c3nc4c5ccccc5OCn4c3c6ccncc6;8.187086643357143;394.179361324;5;1;4.966900000000003;yes
106;CHEMBL383264;nM;6.8;N[C@H](COc1cncc(c1)c2ccc3cnccc3c2)Cc4c[nH]c5ccccc45;8.167491087293763;394.179361324;4;2;4.726900000000003;yes
107;CHEMBL603882;nM;7.0;NC1(Cc2ccc3ccccc3c2)CCN(CC1)c4ncnc5[nH]ccc45;8.154901959985743;357.1953457360001;4;2;3.651500000000002;yes
109;CHEMBL605410;nM;7.0;Cc1occc1c2nc(N)c(OC[C@@H](N)Cc3c(C#N)[nH]c4ccccc34)cc2c5cnc6[nH]nc(C)c6n5;8.154901959985743;519.2131210400001;9;4;4.175720000000002;yes
110;CHEMBL3703105;nM;7.0;NC1(CCC1)c2ccc(cc2)c3nc4cc(ccn4c3c5ccccc5)c6cccnc6;8.154901959985743;416.20009676800004;4;1;6.068200000000005;yes
111;CHEMBL259998;nM;7.0;NC1(CCN(CC1)c2ncnc3[nH]ccc23)c4ccc(Cl)cc4;8.154901959985743;327.125073256;4;2;3.0657000000000005;yes
112;CHEMBL3701757;nM;7.0;CCC1(O)CC(N)(C1)c2ccc(cc2)c3nc4c5nccnc5OCn4c3c6ccccc6;8.154901959985743;439.20082504000004;7;2;4.112900000000002;yes
113;CHEMBL407504;nM;7.0;NC1(CCN(CC1)c2ncnc3[nH]cnc23)c4ccc(Cl)cc4;8.154901959985743;328.120322224;5;2;2.4607;yes
114;CHEMBL604910;nM;7.0;NC1(CCN(CC1)c2ncnc3[nH]ccc23)C(=O)NCc4cccc(Cl)c4;8.154901959985743;384.146536972;5;3;2.2253999999999996;yes
115;CHEMBL597793;nM;8.0;NC1(COCc2ccc(Cl)cc2)CCN(CC1)c3ncnc4[nH]ccc34;8.096910013008056;371.15128800400004;5;2;3.125800000000001;yes
116;CHEMBL498052;nM;8.0;NC[C@H](Cc1ccccc1F)NC(=O)c2cc(Br)c(s2)c3ccnc4[nH]ccc34;8.096910013008056;472.0368725160001;4;3;4.492800000000003;yes
117;CHEMBL2325741;nM;8.0;NC1(CCN(CC1)c2ncnc3[nH]ccc23)C(=O)N[C@@H](CCO)c4ccc(Cl)cc4;8.096910013008056;428.17275171999995;6;4;2.1489000000000003;yes
119;CHEMBL406863;nM;8.0;NCC1(CCN(CC1)c2ncnc3[nH]ccc23)c4ccc(Cl)cc4;8.096910013008056;341.14072331999995;4;2;3.108200000000001;yes
120;CHEMBL604507;nM;8.0;NC1(CCN(CC1)c2ncnc3[nH]ccc23)C(=O)NCc4ccc(F)cc4Cl;8.096910013008056;402.13711515999995;5;3;2.3644999999999996;yes
122;CHEMBL228755;nM;8.0;CC(=O)NCc1c[nH]c(c1)\C(=C\2/C(=O)Nc3ccc(NC(=O)N)cc23)\C;8.096910013008056;353.148789468;3;5;2.0241999999999996;yes
125;CHEMBL375236;nM;8.0;NC(=O)Nc1ccc2NC(=O)\C(=C/c3cc(c[nH]3)c4cccnc4)\c2c1;8.096910013008056;345.12257472000005;3;4;3.0600000000000014;yes
126;CHEMBL3703104;nM;8.0;NC1(CCC1)c2ccc(cc2)c3nc4cc(ccn4c3c5ccccc5)c6ccncc6;8.096910013008056;416.20009676800004;4;1;6.068200000000005;yes
127;CHEMBL3703108;nM;8.0;NC1(CCC1)c2ccc(cc2)c3nc4cc(ccn4c3c5ccccc5)c6ncc[nH]6;8.096910013008056;405.1953457360001;4;2;5.3963000000000045;yes
128;CHEMBL374611;nM;8.0;CC(=O)Nc1cccc(c1)c2c[nH]c(\C=C\3/C(=O)Nc4ccc(NC(=O)N)cc34)c2;8.096910013008056;401.148789468;3;5;3.6234;yes
129;CHEMBL597414;nM;8.5;NC1(Cc2ccc(Cl)cc2Cl)CCN(CC1)c3ncnc4[nH]ccc34;8.070581074285707;375.1017509680001;4;2;3.805100000000002;yes
130;CHEMBL3672012;nM;9.0;C(N1CCC(CC1)c2cnc3ccccc3n2)c4ccc(cc4)c5nc6nccn6cc5c7ccccc7;8.045757490560675;496.2375448960001;6;0;6.386100000000006;yes
131;CHEMBL3699676;nM;9.0;COc1cc(cn2c(c3ccccc3)c(nc12)c4ccc(cc4)C5(N)CCC5)C(=O)N;8.045757490560675;412.189926008;5;2;4.113700000000002;yes
132;CHEMBL1171647;nM;9.0;CCc1c[nH]c2ncnc(N3CC[C@](N)(CNC(=O)c4ccc(F)cc4F)C3)c12;8.045757490560675;400.18231576399995;5;3;2.1361;yes
133;CHEMBL493269;nM;9.0;CCn1c(nc2c(ncc(OCCCCN)c12)C#CC(C)(C)O)c3nonc3N;8.045757490560675;399.20188766000007;10;3;1.3235;yes
134;CHEMBL3703111;nM;9.0;NC1(CCC1)c2ccc(cc2)c3nc4cc(ccn4c3c5ccccc5)c6nn[nH]n6;8.045757490560675;407.18584367200015;6;2;4.186300000000003;yes
135;CHEMBL523586;nM;9.0;NC[C@H](Cc1cccc(F)c1)NC(=O)c2cc(Br)c(s2)c3ccnc4[nH]ccc34;8.045757490560675;472.0368725160001;4;3;4.492800000000003;yes
136;CHEMBL228648;nM;9.0;NC(=O)Nc1ccc2NC(=O)\C(=C/c3cc(c[nH]3)C(=O)O)\c2c1;8.045757490560675;312.08585486399994;3;5;1.6962000000000004;yes
137;CHEMBL228649;nM;9.0;Cc1c(\C=C\2/C(=O)Nc3ccc(NC(=O)N)cc23)[nH]cc1C(=O)O;8.045757490560675;326.10150492799994;3;5;2.0046199999999996;yes
139;CHEMBL226712;nM;9.0;NC(c1ccc(Cl)cc1)c2ccc(cc2)c3ncnc4[nH]cnc34;8.045757490560675;335.09377312800007;4;2;3.721400000000001;yes
140;CHEMBL2177367;nM;10.0;CO[C@@H]1CC[C@H](CC1)NC[C@@H](C(=O)N2CCN(CC2)c3ncnc4[C@H](O)C[C@@H](C)c34)c5ccc(Cl)cc5;8.0;527.266317756;7;2;3.6502000000000026;yes
141;CHEMBL470597;nM;10.0;NC[C@H](Cc1ccccc1)NC(=O)c2cc(Br)c(s2)c3ccnc4[nH]ccc34;8.0;454.0462943280001;4;3;4.353700000000003;yes
143;CHEMBL1098938;nM;10.0;CCn1c(nc2c(nc(OC[C@H](N)Cc3ccccc3)cc12)C#CC(C)(C)O)c4nonc4N;8.0;461.21753772400007;10;3;2.1546;yes
145;CHEMBL228705;nM;10.0;C\C(=C/1\C(=O)Nc2ccc(NC(=O)N)cc12)\c3cc(CN)c[nH]3;8.0;311.13822478400004;3;5;1.8468;yes
146;CHEMBL388739;nM;10.0;C\C(=C/1\C(=O)Nc2ccc(NC(=O)N)cc12)\c3cc(CNC(=O)c4cccnc4)c[nH]3;8.0;416.1596885;4;5;2.7131000000000007;yes
147;CHEMBL388966;nM;10.0;C\C(=C/1\C(=O)Nc2ccc(NC(=O)N)cc12)\c3cc(CNC(=O)CO)c[nH]3;8.0;369.143704088;4;6;0.9965999999999995;yes
148;CHEMBL228042;nM;10.0;CNC(c1ccc(Cl)cc1)c2ccc(cc2)c3ncnc4[nH]cnc34;8.0;349.10942319200007;4;2;3.9821000000000017;yes
149;CHEMBL599847;nM;11.0;NC1(CCN(CC1)c2ncnc3[nH]ccc23)C(=O)NCc4ccc(cc4)C(F)(F)F;7.9586073148417755;418.172893952;5;3;2.5908000000000007;yes
150;CHEMBL228701;nM;11.0;NC(=O)Nc1ccc2NC(=O)\C(=C/c3cc(c[nH]3)C(=O)NCCN4CCCCC4)\c2c1;7.9586073148417755;422.206638692;4;5;2.2137000000000002;yes
153;CHEMBL2177363;nM;11.0;C[C@@H]1C[C@@H](O)c2ncnc(N3CCN(CC3)C(=O)[C@H](CN4CCC(F)CC4)c5ccc(Cl)cc5)c12;7.9586073148417755;501.23068119600003;6;1;3.536900000000002;yes
154;CHEMBL598207;nM;11.0;NC1(CCN(CC1)c2ncnc3[nH]ccc23)C(=O)NCc4ccc(F)cc4F;7.9586073148417755;386.16666569999995;5;3;1.8501999999999996;yes
155;CHEMBL1079175;nM;12.0;NC1(CCC1)c2ccc(cc2)c3nc4C=CN5C(=O)NN=C5c4cc3c6ccccc6;7.920818753952375;407.174610292;5;2;4.242700000000003;yes
156;CHEMBL2177385;nM;12.0;CC(C)NC[C@@H](C(=O)N1CCN(CC1)c2ncnc3CC[C@@H](C)c23)c4ccc(Cl)cc4;7.920818753952375;441.229538324;5;1;3.610100000000002;yes
157;CHEMBL593813;nM;12.0;Cc1occc1c2nc(N)c(OC[C@@H](N)Cc3c(Cl)[nH]c4ccccc34)cc2c5cnc6[nH]nc(C)c6n5;7.920818753952375;528.1788997200001;8;4;4.957440000000002;yes
158;CHEMBL2177374;nM;12.0;C[C@@H]1C[C@@H](O)c2ncnc(N3CCN(CC3)C(=O)[C@H](CNCC4CC4)c5ccc(Cl)cc5)c12;7.920818753952375;469.224452944;6;2;3.1026000000000016;yes
159;CHEMBL599448;nM;12.0;NC1(CCN(CC1)c2ccnc3[nH]ccc23)C(=O)NCc4ccc(Cl)cc4;7.920818753952375;383.151288004;4;3;2.830400000000001;yes
160;CHEMBL593490;nM;12.0;Cc1[nH]nc2ccc(cc12)c3cc(OC[C@@H](N)Cc4c[nH]c5ccccc45)cnc3c6cocc6;7.920818753952375;463.20082504000004;5;3;5.623420000000004;yes
161;CHEMBL260577;nM;12.0;NC(C1CCN(CC1)c2ccnc3[nH]ccc23)c4ccc(Cl)cc4;7.920818753952375;340.145474352;3;2;4.1327000000000025;yes
162;CHEMBL598013;nM;12.0;NC1(Cc2ccc(Cl)cc2)CCN(CC1)c3ccnc4[nH]ncc34;7.920818753952375;341.14072332000006;4;2;3.1517000000000017;yes
164;CHEMBL469590;nM;13.0;NCC(Cc1ccccc1)NC(=O)c2cc(Br)c(s2)c3ccnc4[nH]ccc34;7.886056647693162;454.0462943280001;4;3;4.353700000000003;yes
165;CHEMBL3703110;nM;13.0;Cn1cncc1c2ccn3c(c4ccccc4)c(nc3c2)c5ccc(cc5)C6(N)CCC6;7.886056647693162;419.21099580000003;5;1;5.406700000000005;yes
166;CHEMBL595459;nM;13.0;Cc1occc1c2nc(N)c(OC[C@@H](N)Cc3c[nH]c4ccccc34)cc2c5cc6c(C)n[nH]c6cn5;7.886056647693162;493.2226231040001;7;4;4.909040000000003;yes
167;CHEMBL521642;nM;13.0;CCn1c(nc2c(ncc(OC[C@@H]3CCCNC3)c12)C#CC(C)(C)O)c4nonc4N;7.886056647693162;425.21753772400007;10;3;1.5841999999999996;yes
168;CHEMBL494088;nM;13.0;CCn1c(nc2c(ncc(OCC3CCNC3)c12)C#CC(C)(C)O)c4nonc4N;7.886056647693162;411.20188766000007;10;3;1.1940999999999997;yes
169;CHEMBL494089;nM;13.0;CCn1c(nc2c(ncc(OC[C@H]3CCCNC3)c12)C#CC(C)(C)O)c4nonc4N;7.886056647693162;425.21753772400007;10;3;1.5841999999999996;yes
170;CHEMBL3699674;nM;13.0;NC1(CCC1)c2ccc(cc2)c3nc4cc(ccn4c3c5ccccc5)n6cccn6;7.886056647693162;405.1953457360001;5;1;5.191900000000005;yes
171;CHEMBL2325729;nM;13.0;NC1(CCN(CC1)c2ncnc3[nH]ccc23)C(=O)N[C@@H](CCN4CCCCC4)c5ccc(Cl)cc5;7.886056647693162;495.25133638799997;6;3;3.6425000000000027;yes
172;CHEMBL3931748;nM;14.0;COc1nc(cn2c(c3ccccc3)c(nc12)c4ccc(cc4)C5(N)CCC5)C(=O)N;7.853871964321763;413.18517497600004;6;2;3.508700000000001;yes
173;CHEMBL2177381;nM;14.0;CC(C)NC[C@@H](C(=O)N1CCN(CC1)c2ncnc3[C@H](F)C[C@@H](C)c23)c4ccc(Cl)cc4;7.853871964321763;459.220116512;5;1;4.0782000000000025;yes
174;CHEMBL3672090;nM;14.0;COC(=O)c1cn2cc(c3ccccc3)c(nc2n1)c4ccc(CN5CC(C5)c6n[nH]c(n6)c7cccc(C)n7)cc4;7.853871964321763;556.233522136;9;1;4.937820000000004;yes
175;CHEMBL228749;nM;14.0;NC(=O)Nc1ccc2NC(=O)\C(=C/c3cc(c[nH]3)C(=O)NCCc4cnc[nH]4)\c2c1;7.853871964321763;405.15493746800007;4;6;1.6935999999999996;yes
178;CHEMBL2325992;nM;14.0;CN(C)CCC(NC(=O)C1(N)CCN(CC1)c2ncnc3[nH]ccc23)c4ccc(Cl)cc4;7.853871964321763;455.22003626000003;6;3;2.7182000000000013;yes
179;CHEMBL597183;nM;14.0;NC1(CCN(CC1)c2ncnc3[nH]ccc23)C(=O)NCc4ccc(F)cc4;7.853871964321763;368.176087512;5;3;1.7110999999999994;yes
180;CHEMBL593374;nM;15.0;Cc1occc1c2nc(N)c(OC[C@@H](N)Cc3c[nH]c4ccccc34)cc2c5ccc6[nH]nc(C)c6c5;7.823908740944319;492.22737413600004;6;4;5.514040000000003;yes
181;CHEMBL3699757;nM;15.0;Cc1c(Cl)cn2c(c3ccccc3)c(nc2c1Br)c4ccc(cc4)C5(N)CCC5;7.823908740944319;465.06073745200007;3;1;6.730520000000004;yes
182;CHEMBL2177366;nM;15.0;C[C@@H]1C[C@@H](O)c2ncnc(N3CCN(CC3)C(=O)[C@H](CNC4CCOCC4)c5ccc(Cl)cc5)c12;7.823908740944319;499.235017628;7;2;2.8716000000000017;yes
183;CHEMBL597819;nM;15.0;COc1cccc(CC2(N)CCN(CC2)c3ncnc4[nH]ccc34)c1;7.823908740944319;337.190260356;5;2;2.5069;yes
184;CHEMBL593375;nM;15.0;Cc1occc1c2nc(N)c(OC[C@@H](N)Cc3c[nH]c4ccccc34)cc2c5cnc6[nH]nc(C)c6c5;7.823908740944319;493.2226231040001;7;4;4.909040000000003;yes
186;CHEMBL594072;nM;15.0;Cc1occc1c2nc(N)c(OC[C@@H](N)Cc3c([nH]c4ccccc34)C(=O)N)cc2c5cnc6[nH]nc(C)c6n5;7.823908740944319;537.2236857240001;9;5;3.402940000000001;yes
187;CHEMBL2325993;nM;15.0;CN(C)CCCC(NC(=O)C1(N)CCN(CC1)c2ncnc3[nH]ccc23)c4ccc(Cl)cc4;7.823908740944319;469.235686324;6;3;3.1083000000000007;yes
189;CHEMBL260358;nM;16.0;NCC1(CCN(CC1)c2ncnc3[nH]cnc23)c4ccc(Cl)cc4;7.795880017344076;342.135972288;5;2;2.5032000000000005;yes
190;CHEMBL604917;nM;16.0;NC1(Cc2cc(Cl)ccc2Cl)CCN(CC1)c3ncnc4[nH]ccc34;7.795880017344076;375.1017509680001;4;2;3.805100000000002;yes
192;CHEMBL1098316;nM;16.0;CCn1c(nc2c(nc(CNC)cc12)C#CC(C)(C)O)c3nonc3N;7.795880017344076;355.1756729120001;9;3;0.9251999999999998;yes
193;CHEMBL1099297;nM;16.0;CCn1c(nc2c(nc(O[C@@H](CCN)c3ccccc3)cc12)C#CC(C)(C)O)c4nonc4N;7.795880017344076;461.21753772400007;10;3;2.674700000000001;yes
196;CHEMBL3672045;nM;17.0;Cc1nc2nc(c3ccc(CN4CC(C4)c5n[nH]c(n5)c6ccccn6)cc3)c(c(C)n2n1)c7ccccc7;7.769551078621726;513.238941864;8;1;4.854640000000004;yes
199;CHEMBL3672091;nM;17.0;COC(=O)c1cn2cc(c3ccccc3)c(nc2n1)c4ccc(CN5CC(C5)c6n[nH]c(n6)c7ccccn7)cc4;7.769551078621726;542.2178720720001;9;1;4.629400000000003;yes
200;CHEMBL228750;nM;17.0;NC(=O)Nc1ccc2NC(=O)\C(=C/c3cc(c[nH]3)C(=O)NCCc4ccncc4)\c2c1;7.769551078621726;416.1596885;4;5;2.3655;yes
201;CHEMBL3699728;nM;17.0;COc1cc(Br)cn2c(c3ccccc3)c(nc12)c4ccc(cc4)C5(N)CCC5;7.769551078621726;447.0946244240001;4;1;5.777300000000005;yes
202;CHEMBL2177377;nM;17.0;COCCNC[C@@H](C(=O)N1CCN(CC1)c2ncnc3[C@H](O)C[C@@H](C)c23)c4ccc(Cl)cc4;7.769551078621726;473.219367564;7;2;2.3390000000000004;yes
203;CHEMBL2177372;nM;17.0;CC(C)NC[C@@H](C(=O)N1CCN(CC1)c2ncnc3[C@H](O)C[C@@H](C)c23)c4ccc(Cl)c(F)c4;7.769551078621726;475.215031132;6;2;3.2401000000000018;yes
204;CHEMBL603680;nM;18.0;NC1(Cc2ccc(Cl)c(Cl)c2)CCN(CC1)c3ncnc4[nH]ccc34;7.744727494896693;375.1017509680001;4;2;3.805100000000002;yes
206;CHEMBL2177390;nM;18.0;CC(C)NC[C@@H](C(=O)N1CCN(CC1)c2ncnc3[C@H](O)C[C@@H](C)c23)c4ccc(Cl)cc4;7.744727494896693;457.22445294399995;6;2;3.1010000000000018;yes
208;CHEMBL2177364;nM;18.0;C[C@@H]1C[C@@H](O)c2ncnc(N3CCN(CC3)C(=O)[C@H](CNC4CCCCC4)c5ccc(Cl)cc5)c12;7.744727494896693;497.255753072;6;2;4.025300000000003;yes
210;CHEMBL597818;nM;19.0;NC1(Cc2cccc(OC(F)(F)F)c2)CCN(CC1)c3ncnc4[nH]ccc34;7.721246399047171;391.16199492000004;5;2;3.3969000000000014;yes
212;CHEMBL595944;nM;19.0;Cc1occc1c2nc(N)c(OC[C@@H](N)Cc3c[nH]c4ccccc34)cc2c5cnc6[nH]nc(C)c6n5;7.721246399047171;494.2178720720001;8;4;4.304040000000001;yes
213;CHEMBL442227;nM;19.0;COc1cccc(c1)c2c[nH]c(\C=C\3/C(=O)Nc4ccc(NC(=O)N)cc34)c2;7.721246399047171;374.137890436;3;4;3.6736000000000004;yes
214;CHEMBL3703106;nM;19.0;NC1(CCC1)c2ccc(cc2)c3nc4cc(ccn4c3c5ccccc5)c6ccccn6;7.721246399047171;416.20009676800004;4;1;6.068200000000005;yes
215;CHEMBL2325743;nM;20.0;C[C@H](NC(=O)C1(N)CCN(CC1)c2ncnc3[nH]ccc23)c4ccc(Cl)cc4;7.698970004336019;398.162187036;5;3;2.7864000000000013;yes
216;CHEMBL597415;nM;20.0;NC1(Cc2c(Cl)cccc2Cl)CCN(CC1)c3ncnc4[nH]ccc34;7.698970004336019;375.1017509680001;4;2;3.805100000000002;yes
217;CHEMBL228133;nM;20.0;Clc1ccc(cc1)C2(CCNCC2)c3ccc(cc3)c4ncnc5[nH]cnc45;7.698970004336019;389.1407233200001;4;2;4.342800000000002;yes
218;CHEMBL442229;nM;20.0;NC(=O)Nc1ccc2NC(=O)\C(=C/c3ccc[nH]3)\c2c1;7.698970004336019;268.096025624;2;4;1.9980000000000002;yes
219;CHEMBL453510;nM;20.0;CCn1c(nc2c(ncc(OCCN)c12)C#CC(C)(C)O)c3nonc3N;7.698970004336019;371.17058753200007;10;3;0.5433000000000001;yes
220;CHEMBL574646;nM;20.0;O=C1\C(=C\c2ccccn2)\CNC/C/1=C\c3ccccn3;7.698970004336019;277.1215121;4;1;2.1159;yes
221;CHEMBL1096634;nM;20.0;CCn1c(nc2c(nc(OC[C@H](N)c3ccccc3)cc12)C#CC(C)(C)O)c4nonc4N;7.698970004336019;447.20188766000007;10;3;2.2845999999999997;yes
222;CHEMBL1096626;nM;20.0;CCn1c(nc2c(nc(OC[C@@H](N)c3ccccc3)cc12)C#CC(C)(C)O)c4nonc4N;7.698970004336019;447.20188766000007;10;3;2.2845999999999997;yes
223;CHEMBL1098939;nM;20.0;CCn1c(nc2c(nc(OC[C@@H](N)Cc3ccccc3)cc12)C#CC(C)(C)O)c4nonc4N;7.698970004336019;461.21753772400007;10;3;2.1546;yes
224;CHEMBL3672048;nM;21.0;CNc1c(c2ccccc2)c(nc3nc(C)nn13)c4ccc(CN5CC(C5)c6n[nH]c(n6)c7cccc(C)n7)cc4;7.67778070526608;542.2654909600002;9;2;4.896340000000004;yes
226;CHEMBL228751;nM;21.0;NC(=O)Nc1ccc2NC(=O)\C(=C/c3cc(c[nH]3)c4ccccc4)\c2c1;7.67778070526608;344.127325752;2;4;3.665000000000002;yes
227;CHEMBL210390;nM;21.0;N[C@H](COc1cncc(c1)c2ccc3cnc(N)cc3c2)Cc4c[nH]c5ccccc45;7.67778070526608;409.19026035600007;5;3;4.309100000000003;yes
228;CHEMBL3703109;nM;22.0;NC1(CCC1)c2ccc(cc2)c3nc4cc(ccn4c3c5ccccc5)c6cnc[nH]6;7.657577319177793;405.1953457360001;4;2;5.3963000000000045;yes
229;CHEMBL2177369;nM;22.0;C[C@@H]1C[C@@H](O)c2ncnc(N3CCN(CC3)C(=O)[C@H]([C@@H]4CCCCN4)c5ccc(Cl)cc5)c12;7.657577319177793;469.224452944;6;2;3.2451000000000016;yes
230;CHEMBL3699700;nM;22.0;NC1(CCC1)c2ccc(cc2)c3nc4cc(ccn4c3c5ccccc5)c6cn[nH]c6;7.657577319177793;405.1953457360001;4;2;5.3963000000000045;yes
231;CHEMBL2325738;nM;22.0;NC1(CCN(CC1)c2ncnc3[nH]ccc23)C(=O)NC(CCO)c4ccc(Cl)cc4;7.657577319177793;428.17275171999995;6;4;2.1489000000000003;yes
232;CHEMBL3703112;nM;22.0;CCOC(=O)c1ccn2c(c3ccccc3)c(nc2c1)c4ccc(cc4)C5(N)CCC5;7.657577319177793;411.19467704000004;5;1;5.1829000000000045;yes
233;CHEMBL3672497;nM;22.0;NC1(CCC1)c2ccc(cc2)c3nn4c(cnc4cc3c5ccccc5)c6ccc7cn[nH]c7c6;7.657577319177793;456.20624476800003;5;2;5.944500000000004;yes
234;CHEMBL3703107;nM;23.0;NC1(CCC1)c2ccc(cc2)c3nc4cc(ccn4c3c5ccccc5)c6cc[nH]n6;7.638272163982407;405.1953457360001;4;2;5.3963000000000045;yes
236;CHEMBL2325982;nM;23.0;CCC(NC(=O)C1(N)CCN(CC1)c2ncnc3[nH]ccc23)c4ccc(Cl)cc4;7.638272163982407;412.1778371;5;3;3.1765000000000017;yes
237;CHEMBL213618;nM;23.0;CNc1nccc(n1)c2ccc(s2)C(=O)N[C@H](CN)Cc3ccc(Cl)cc3Cl;7.638272163982407;435.06873658800004;6;3;3.8534000000000015;yes
238;CHEMBL2177362;nM;24.0;C[C@@H]1C[C@@H](O)c2ncnc(N3CCN(CC3)C(=O)[C@H](CNC4CCOCC4)c5ccc(Cl)c(F)c5)c12;7.619788758288393;517.225595816;7;2;3.0107000000000017;yes
239;CHEMBL2325739;nM;24.0;NC1(CCN(CC1)c2ncnc3[nH]ccc23)C(=O)NC(CCCO)c4ccc(Cl)cc4;7.619788758288393;442.18840178399995;6;4;2.5390000000000006;yes
240;CHEMBL3679629;nM;24.0;NC(=N)N1C(=N)C=Cc2nc(c3ccc(cc3)C4(N)CCC4)c(cc12)c5ccccc5;7.619788758288393;408.206244768;5;4;3.929240000000002;yes
242;CHEMBL3699768;nM;24.0;NC(=O)c1cc(Br)c2nc(c3ccc(cc3)C4(N)CCC4)c(c5ccccc5)n2c1;7.619788758288393;460.0898733920001;4;2;4.867600000000003;yes
243;CHEMBL596583;nM;25.0;Cc1occc1c2ncc(OC[C@@H](N)Cc3c[nH]c4ccccc34)cc2c5cnc6[nH]nc(C)c6n5;7.602059991327962;479.2069730400001;7;3;4.721840000000002;yes
244;CHEMBL470598;nM;25.0;NC[C@H](CC1CCCCC1)NC(=O)c2cc(Br)c(s2)c3ccnc4[nH]ccc34;7.602059991327962;460.0932445200001;4;3;5.081400000000004;yes
246;CHEMBL259999;nM;25.0;NC1(Cc2ccc(Cl)cc2)CCN(CC1)c3ncnc4[nH]cnc34;7.602059991327962;342.13597228800006;5;2;2.5467000000000004;yes
247;CHEMBL405384;nM;25.0;NC(C1CCN(CC1)c2ncnc3[nH]ccc23)c4ccc(Cl)cc4;7.602059991327962;341.14072331999995;4;2;3.527700000000001;yes
248;CHEMBL1095624;nM;25.0;CCn1c(nc2c(nc(CCN)cc12)C#CC(C)(C)O)c3nonc3N;7.602059991327962;355.1756729120001;9;3;0.7070000000000001;yes
249;CHEMBL2177829;nM;25.0;Nc1ncccc1c2nc3ccc(nc3n2c4ccc(CC(=O)Nc5ccccc5)cc4)c6cccnc6;7.602059991327962;497.196408356;7;2;5.307900000000004;yes
250;CHEMBL260463;nM;25.0;NCC1(CCN(CC1)c2ccnc3[nH]ccc23)c4ccc(Cl)cc4;7.602059991327962;340.145474352;3;2;3.7132000000000023;yes
251;CHEMBL1099276;nM;25.0;CCn1c(nc2c(nc(O[C@@H](CN)c3ccccc3)cc12)C#CC(C)(C)O)c4nonc4N;7.602059991327962;447.20188766000007;10;3;2.2845999999999997;yes
252;CHEMBL1099290;nM;25.0;CCn1c(nc2c(nc(CN(C)C)cc12)C#CC(C)(C)O)c3nonc3N;7.602059991327962;369.19132297600004;9;2;1.2673999999999996;yes
253;CHEMBL1099296;nM;25.0;CCn1c(nc2c(nc(O[C@H](CN)c3ccccc3)cc12)C#CC(C)(C)O)c4nonc4N;7.602059991327962;447.20188766000007;10;3;2.2845999999999997;yes
254;CHEMBL597803;nM;25.0;CN(Cc1ccc(Cl)cc1)C(=O)C2(N)CCN(CC2)c3ncnc4[nH]ccc34;7.602059991327962;398.1621870360001;5;2;2.5676000000000005;yes
255;CHEMBL598448;nM;25.0;NC1(Cc2cccc3ccccc23)CCN(CC1)c4ncnc5[nH]ccc45;7.602059991327962;357.1953457360001;4;2;3.651500000000002;yes
258;CHEMBL597211;nM;27.0;CC(C)(C)c1ccc(CC2(N)CCN(CC2)c3ncnc4[nH]ccc34)cc1;7.568636235841013;363.24229592800003;4;2;3.7958000000000025;yes
259;CHEMBL228700;nM;27.0;CN(C)CCNC(=O)c1c[nH]c(\C=C\2/C(=O)Nc3ccc(NC(=O)N)cc23)c1;7.568636235841013;382.175338564;4;5;1.2894000000000005;yes
262;CHEMBL3703157;nM;28.0;NC(=O)c1cc(Cl)c2nc(c3ccc(cc3)C4(N)CCC4)c(c5ccccc5)n2c1;7.552841968657781;416.14038897200004;4;2;4.758500000000002;yes
263;CHEMBL599848;nM;29.0;NC1(CCN(CC1)c2ncnc3[nH]ccc23)C(=O)NCc4ccc(OC(F)(F)F)cc4;7.5376020021010435;434.16780857199996;6;3;2.4706;yes
264;CHEMBL2177370;nM;29.0;C[C@@H]1C[C@@H](O)c2ncnc(N3CCN(CC3)C(=O)[C@H]([C@@H]4COCCN4)c5ccc(Cl)cc5)c12;7.5376020021010435;471.2037175;7;2;2.0914;yes
265;CHEMBL388184;nM;29.0;NC(=O)Nc1ccc2NC(=O)\C(=C/c3cc(c[nH]3)C(=O)NCCN4CCOCC4)\c2c1;7.5376020021010435;424.185903248;5;5;1.06;yes
266;CHEMBL3703113;nM;29.0;NC1(CCC1)c2ccc(cc2)c3nc4cc(ccn4c3c5ccccc5)C(=O)O;7.5376020021010435;383.163376912;4;2;4.704400000000003;yes
267;CHEMBL379300;nM;30.0;Cc1n[nH]c2ccc(cc12)c3cncc(OC[C@@H](N)Cc4c[nH]c5ccccc45)c3;7.522878745280337;397.19026035600007;4;3;4.363420000000001;yes
268;CHEMBL2325996;nM;30.0;NC1(CCN(CC1)c2ncnc3[nH]ccc23)C(=O)NC(CCCN4CCCCC4)c5ccc(Cl)cc5;7.522878745280337;509.26698645199997;6;3;4.032600000000003;yes
269;CHEMBL2177831;nM;30.0;Nc1ncccc1c2nc3cc(cnc3n2c4ccc(CNC(=O)c5ccccc5)cc4)c6cccnc6;7.522878745280337;497.196408356;7;2;5.056700000000004;yes
270;CHEMBL2177371;nM;30.0;C[C@@H]1C[C@@H](O)c2ncnc(N3CCN(CC3)C(=O)[C@H](CN)c4ccc(cc4)C(F)(F)F)c12;7.522878745280337;449.203859732;6;2;2.427100000000001;yes
271;CHEMBL3703169;nM;30.0;COc1cc(cn2c(c3ccccc3)c(nc12)c4ccc(cc4)C5(N)CCC5)c6cn[nH]c6;7.522878745280337;435.20591042000007;5;2;5.404900000000005;yes
272;CHEMBL2325983;nM;30.0;NC1(CCN(CC1)c2ncnc3[nH]ccc23)C(=O)NC(C4CC4)c5ccc(Cl)cc5;7.522878745280337;424.1778371;5;3;3.1765000000000017;yes
274;CHEMBL2177365;nM;31.0;CC(C)N(C)C[C@@H](C(=O)N1CCN(CC1)c2ncnc3[C@H](O)C[C@@H](C)c23)c4ccc(Cl)cc4;7.508638306165728;471.24010300799995;6;1;3.443200000000002;yes
275;CHEMBL603262;nM;31.0;CC(C)(C)c1ccc(CC2(N)CCN(CC2)c3ccnc4[nH]ccc34)cc1;7.508638306165728;362.24704696000003;3;2;4.400800000000003;yes
276;CHEMBL2325728;nM;31.0;NC1(CCN(CC1)c2ncnc3[nH]ccc23)C(=O)N[C@@H](CCN4CCCC4)c5ccc(Cl)cc5;7.508638306165728;481.23568632399997;6;3;3.2524000000000015;yes
277;CHEMBL603197;nM;31.0;Cc1n[nH]c2cnc(nc12)c3cc(OC[C@@H](N)Cc4c[nH]c5ccccc45)cnc3c6cocc6;7.508638306165728;465.19132297600004;7;3;4.413420000000002;yes
278;CHEMBL388395;nM;31.0;CN(C)C1CCN(C1)C(=O)c2c[nH]c(\C=C\3/C(=O)Nc4ccc(NC(=O)N)cc34)c2;7.508638306165728;408.190988628;4;4;1.7740999999999996;yes
280;CHEMBL3679633;nM;32.0;NC1(CCC1)c2ccc(cc2)c3nc4C=CC(=N)N(C(=N)c5ccccc5)c4cc3c6ccccc6;7.494850021680094;469.22664586400003;5;3;6.061340000000005;yes
281;CHEMBL2177832;nM;32.0;Nc1ncccc1c2nc3ccc(nc3n2c4ccc(CNC(=O)c5ccccc5)cc4)c6cccnc6;7.494850021680094;497.196408356;7;2;5.056700000000004;yes
283;CHEMBL3699667;nM;33.0;NC1(CCC1)c2ccc(cc2)c3nc4nc(ccn4c3c5ccccc5)c6ccccc6;7.481486060122112;416.200096768;4;1;6.0682000000000045;yes
285;CHEMBL2177375;nM;33.0;C[C@@H]1C[C@@H](O)c2ncnc(N3CCN(CC3)C(=O)[C@H](CNCCF)c4ccc(Cl)cc4)c12;7.481486060122112;461.19938106800004;6;2;2.6621000000000006;yes
286;CHEMBL3977365;nM;33.0;COc1nc(Br)cn2c(c3ccccc3)c(nc12)c4ccc(cc4)C5(N)CCC5;7.481486060122112;448.0898733920001;5;1;5.172300000000004;yes
288;CHEMBL3672074;nM;34.0;COc1nn2cc(c(nc2c1CO)c3ccc(CN4CC(C4)c5n[nH]c(n5)c6cccc(C)n6)cc3)c7c(F)cccc7F;7.468521082957745;594.230328576;9;2;4.9303200000000045;yes
289;CHEMBL3895917;nM;34.0;CCc1cn2c(c3ccccc3)c(nc2c(OC)n1)c4ccc(cc4)C5(N)CCC5;7.468521082957745;398.210661452;5;1;4.9722000000000035;yes
291;CHEMBL3703141;nM;35.0;Cn1cc(cn1)c2ccn3c(c4ccccc4)c(nc3c2)c5ccc(cc5)C6(N)CCC6;7.455931955649724;419.21099580000003;5;1;5.406700000000005;yes
292;CHEMBL2177382;nM;35.0;CC(C)NC[C@@H](C(=O)N1CCN(CC1)c2ncnc3[C@@H](F)C[C@@H](C)c23)c4ccc(Cl)cc4;7.455931955649724;459.220116512;5;1;4.0782000000000025;yes
294;CHEMBL2177835;nM;35.0;Nc1ncccc1c2nc3ccc(nc3n2c4ccc(CNC(=O)c5ccccc5)cc4)c6ccccc6;7.455931955649724;496.20115938799995;6;2;5.661700000000004;yes
295;CHEMBL597817;nM;35.0;NC1(Cc2ccc(OC(F)(F)F)cc2)CCN(CC1)c3ncnc4[nH]ccc34;7.455931955649724;391.16199492000004;5;2;3.3969000000000014;yes
296;CHEMBL597212;nM;35.0;NC1(Cc2cccc(Cl)c2Cl)CCN(CC1)c3ncnc4[nH]ccc34;7.455931955649724;375.1017509680001;4;2;3.805100000000002;yes
297;CHEMBL2325736;nM;36.0;CS(=O)(=O)NCCC(NC(=O)C1(N)CCN(CC1)c2ncnc3[nH]ccc23)c4ccc(Cl)cc4;7.443697499232713;505.16628643600006;7;4;1.7058000000000004;yes
299;CHEMBL600646;nM;36.0;NC1(CCN(CC1)c2ncnc3[nH]ccc23)C(=O)NCc4ccccc4Cl;7.443697499232713;384.146536972;5;3;2.2253999999999996;yes
300;CHEMBL3699774;nM;36.0;Cc1cc(cn2c(c3ccccc3)c(nc12)c4ccc(cc4)C5(N)CCC5)C(=O)N;7.443697499232713;396.195011388;4;2;4.413520000000003;yes
301;CHEMBL228545;nM;37.0;Cc1cccc(c1)c2c[nH]c(\C=C\3/C(=O)Nc4ccc(NC(=O)N)cc34)c2;7.431798275933005;358.142975816;2;4;3.973420000000001;yes
302;CHEMBL3672486;nM;37.0;NC1(CCC1)c2ccc(cc2)c3nn4c(cnc4cc3c5ccccc5)c6cccc(CO)c6;7.431798275933005;446.21066145199995;5;2;5.5605000000000055;yes
304;CHEMBL3699675;nM;38.0;COC(=O)c1cc(OC)c2nc(c3ccc(cc3)C4(N)CCC4)c(c5ccccc5)n2c1;7.420216403383191;427.1895916600001;6;1;4.801400000000004;yes
305;CHEMBL3639985;nM;38.0;COc1ccc(COc2ccn3c(c4ccccc4)c(nc3n2)c5ccc(cc5)C6(N)CCC6)cn1;7.420216403383191;477.2164751040001;7;1;5.383800000000005;yes
307;CHEMBL596290;nM;39.0;Cc1n[nH]c2ncc(nc12)c3cc(OC[C@@H](N)Cc4c[nH]c5ccccc45)cnc3c6cocc6;7.4089353929735005;465.19132297600004;7;3;4.413420000000002;yes
308;CHEMBL388183;nM;39.0;Cc1c(CCC(=O)O)c[nH]c1\C=C\2/C(=O)Nc3ccc(NC(=O)N)cc23;7.4089353929735005;354.132805056;3;5;2.32362;yes
309;CHEMBL1096291;nM;40.0;CCn1c(nc2c(nc(OCCN)cc12)C#CC(C)(C)O)c3nonc3N;7.397940008672037;371.17058753200007;10;3;0.5433000000000001;yes
311;CHEMBL2325997;nM;40.0;CC(NC(=O)C1(N)CCN(CC1)c2ncnc3[nH]ccc23)c4ccc(Cl)cc4;7.397940008672037;398.162187036;5;3;2.7864000000000013;yes
313;CHEMBL1097974;nM;40.0;CCn1c(nc2c(nc(CCCN)cc12)C#CC(C)(C)O)c3nonc3N;7.397940008672037;369.19132297600004;9;3;1.0971;yes
316;CHEMBL3699767;nM;41.0;NC(=O)c1cc(Br)cn2c(c3ccccc3)c(nc12)c4ccc(cc4)C5(N)CCC5;7.387216143280264;460.0898733920001;4;2;4.867600000000004;yes
319;CHEMBL2325995;nM;42.0;NC1(CCN(CC1)c2ncnc3[nH]ccc23)C(=O)NC(CCCN4CCOCC4)c5ccc(Cl)cc5;7.376750709602098;511.24625100799994;7;3;2.8789000000000007;yes
322;CHEMBL3703116;nM;44.0;NC(=O)\C=C\c1ccn2c(c3ccccc3)c(nc2c1)c4ccc(cc4)C5(N)CCC5;7.356547323513813;408.195011388;4;2;4.504700000000003;yes
325;CHEMBL598439;nM;44.0;NC1(Cc2ccccc2Cl)CCN(CC1)c3ncnc4[nH]ccc34;7.356547323513813;341.14072332;4;2;3.1517000000000017;yes
326;CHEMBL228803;nM;45.0;NC(=O)Nc1ccc2NC(=O)\C(=C/c3cc(c[nH]3)c4cccc(c4)C(=O)O)\c2c1;7.346787486224656;388.11715499199994;3;5;3.3632000000000017;yes
327;CHEMBL2325737;nM;46.0;NC1(CCN(CC1)c2ncnc3[nH]ccc23)C(=O)NC(CO)c4ccc(Cl)cc4;7.337242168318426;414.15710165599995;6;4;1.7587999999999997;yes
328;CHEMBL598438;nM;46.0;NC1(Cc2cccc(Cl)c2)CCN(CC1)c3ncnc4[nH]ccc34;7.337242168318426;341.14072332;4;2;3.1517000000000017;yes
329;CHEMBL3703118;nM;46.0;CCNC(=O)c1ccn2c(c3ccccc3)c(nc2c1)c4ccc(cc4)C5(N)CCC5;7.337242168318426;410.210661452;4;2;4.755900000000004;yes
330;CHEMBL3672499;nM;46.0;COc1cncc(c1)c2cnc3cc(c4ccccc4)c(nn23)c5ccc(cc5)C6(N)CCC6;7.337242168318426;447.20591042000007;6;1;5.471800000000005;yes
332;CHEMBL3699717;nM;46.0;NC1(CCC1)c2ccc(cc2)c3nc4cc(Br)ccn4c3c5ccccc5;7.337242168318426;417.08405974;3;1;5.768700000000004;yes
333;CHEMBL3699688;nM;47.0;COc1ccn2c(c3ccccc3)c(nc2c1)c4ccc(cc4)C5(N)CCC5;7.327902142064282;369.184112356;4;1;5.014800000000005;yes
335;CHEMBL3672067;nM;47.0;Cc1cn2cc(c3ccccc3)c(nc2n1)c4ccc(CN5CC(C5)c6n[nH]c(n6)c7ccccn7)cc4;7.327902142064282;498.22804283200014;7;1;5.151220000000003;yes
338;CHEMBL3703119;nM;48.0;NC1(CCC1)c2ccc(cc2)c3nc4cc(ccn4c3c5ccccc5)C(=O)NO;7.3187587626244115;398.174275944;5;3;4.125200000000002;yes
339;CHEMBL3703139;nM;49.0;COc1cc(cn2c(c3ccccc3)c(nc12)c4ccc(cc4)C5(N)CCC5)c6cnc[nH]6;7.309803919971486;435.20591042000007;5;2;5.404900000000005;yes
340;CHEMBL3699711;nM;50.0;NC1(CCC1)c2ccc(cc2)c3nc4cc(ccn4c3c5ccccc5)c6ccc(F)cc6;7.301029995663981;433.195425988;3;1;6.812300000000006;yes
341;CHEMBL1099298;nM;50.0;CCn1c(nc2c(nc(O[C@H](CCN)c3ccccc3)cc12)C#CC(C)(C)O)c4nonc4N;7.301029995663981;461.21753772400007;10;3;2.674700000000001;yes
342;CHEMBL1098944;nM;50.0;CCn1c(nc2c(nc(OC[C@@H](C)N)cc12)C#CC(C)(C)O)c3nonc3N;7.301029995663981;385.18623759600007;10;3;0.9318000000000002;yes
343;CHEMBL3679630;nM;50.0;CC(=N)N1C(=N)C=Cc2nc(c3ccc(cc3)C4(N)CCC4)c(cc12)c5ccccc5;7.301029995663981;407.2109958;5;3;5.0329400000000035;yes
344;CHEMBL3699770;nM;50.0;NC(=O)c1cc(cn2c(c3ccccc3)c(nc12)c4ccc(cc4)C5(N)CCC5)c6cn[nH]c6;7.301029995663981;448.20115938800006;5;3;4.495200000000002;yes
345;CHEMBL2035022;nM;50.0;NC(=O)c1ccn2c(c3ccccc3)c(nc2c1)c4ccc(cc4)C5(N)CCC5;7.301029995663981;382.179361324;4;2;4.105100000000002;yes
346;CHEMBL3703138;nM;50.0;CCc1cc(OC)c2nc(c3ccc(cc3)C4(N)CCC4)c(c5ccccc5)n2c1;7.301029995663981;397.215412484;4;1;5.577200000000005;yes
347;CHEMBL3703136;nM;51.0;COc1cc(Cl)cn2c(c3ccccc3)c(nc12)c4ccc(cc4)C5(N)CCC5;7.292429823902062;403.14514000400004;4;1;5.668200000000005;yes
348;CHEMBL3703140;nM;51.0;COc1cc(cn2c(c3ccccc3)c(nc12)c4ccc(cc4)C5(N)CCC5)c6ncc[nH]6;7.292429823902062;435.20591042000007;5;2;5.404900000000005;yes
349;CHEMBL437109;nM;51.0;NC(=O)Nc1ccc2NC(=O)\C(=C/c3cc(c[nH]3)c4cccc(F)c4)\c2c1;7.292429823902062;362.11790394;2;4;3.804100000000002;yes
351;CHEMBL3699686;nM;52.0;NC1(CCC1)c2ccc(cc2)c3nc4cc(ccn4c3c5ccccc5)C#N;7.2839966563652;364.16879664000004;4;1;4.877880000000004;yes
352;CHEMBL3703115;nM;52.0;COC(=O)\C=C\c1ccn2c(c3ccccc3)c(nc2c1)c4ccc(cc4)C5(N)CCC5;7.2839966563652;423.19467704000004;5;1;5.1924000000000055;yes
353;CHEMBL590957;nM;52.0;NC1(Cc2ccc(Cl)cc2Cl)CCN(CC1)c3ncnc4NC(=O)Nc34;7.2839966563652;392.09191455600006;5;3;2.4934000000000003;yes
354;CHEMBL3703114;nM;53.0;CNC(=O)c1ccn2c(c3ccccc3)c(nc2c1)c4ccc(cc4)C5(N)CCC5;7.275724130399211;396.195011388;4;2;4.365800000000003;yes
356;CHEMBL3699699;nM;53.0;CCc1ccn2c(c3ccccc3)c(nc2c1)c4ccc(cc4)C5(N)CCC5;7.275724130399211;367.20484780000004;3;1;5.568600000000005;yes
357;CHEMBL3699666;nM;54.0;NC1(CCC1)c2ccc(cc2)c3nc4nc(ccn4c3c5ccccc5)C6CC6;7.267606240177032;380.200096768;4;1;5.2786000000000035;yes
358;CHEMBL3699762;nM;55.0;Cc1c(C)c2nc(c3ccc(cc3)C4(N)CCC4)c(c5ccccc5)n2cc1c6ccn[nH]6;7.259637310505756;433.2266458640001;4;2;6.013140000000005;yes
360;CHEMBL3703120;nM;55.0;CC(=O)c1ccn2c(c3ccccc3)c(nc2c1)c4ccc(cc4)C5(N)CCC5;7.259637310505756;381.184112356;4;1;5.2088000000000045;yes
361;CHEMBL3703127;nM;56.0;NC1(CCC1)c2ccc(cc2)c3nc4ccc(cn4c3c5ccccc5)c6nn[nH]n6;7.251811972993798;407.18584367200015;6;2;4.186300000000003;yes
362;CHEMBL3699749;nM;56.0;Cc1cc(C)c2nc(c3ccc(cc3)C4(N)CCC4)c(c5ccccc5)n2c1;7.251811972993798;367.20484780000004;3;1;5.623040000000005;yes
364;CHEMBL228699;nM;57.0;Cc1[nH]c(\C=C\2/C(=O)Nc3ccc(NC(=O)N)cc23)c(C)c1CCC(=O)O;7.244125144327507;368.14845511999994;3;5;2.63204;yes
365;CHEMBL3672483;nM;58.0;COC(=O)c1cccc(c1)c2cnc3cc(c4ccccc4)c(nn23)c5ccc(cc5)C6(N)CCC6;7.236572006437062;474.2055760720001;6;1;5.854800000000005;yes
366;CHEMBL603675;nM;58.0;CC(C)(C)c1ccc(CC2(N)CCN(CC2)c3ccnc4[nH]ncc34)cc1;7.236572006437062;363.2422959280001;4;2;3.7958000000000025;yes
369;CHEMBL3699742;nM;60.0;NC1(CCC1)c2ccc(cc2)c3nc4cc(Cl)ccn4c3c5ccccc5;7.221848749616356;373.13457532;3;1;5.659600000000005;yes
370;CHEMBL3699754;nM;62.0;NC1(CCC1)c2ccc(cc2)c3nc4c(Cl)cc(Cl)cn4c3c5ccccc5;7.207608310501746;407.09560296800004;3;1;6.313000000000004;yes
371;CHEMBL1098241;nM;63.0;CCn1c(nc2c(nc(CN)cc12)C#CC(C)(C)O)c3nonc3N;7.200659450546419;341.16002284800004;9;3;0.6644999999999999;yes
372;CHEMBL524998;nM;63.0;COc1ccc(C[C@@H](CN)NC(=O)c2cc(Br)c(s2)c3ccnc4[nH]ccc34)cc1;7.200659450546419;484.05685901200013;5;3;4.362300000000002;yes
373;CHEMBL594523;nM;63.0;Cc1nc(c2cocc2)c(cc1OC[C@@H](N)Cc3c[nH]c4ccccc34)c5cnc6[nH]nc(C)c6n5;7.200659450546419;479.2069730400001;7;3;4.721840000000003;yes
374;CHEMBL1099281;nM;63.0;CCn1c(nc2c(nc(OC[C@H](C)N)cc12)C#CC(C)(C)O)c3nonc3N;7.200659450546419;385.18623759600007;10;3;0.9318000000000002;yes
375;CHEMBL3703137;nM;64.0;COc1cc(OC)c2nc(c3ccc(cc3)C4(N)CCC4)c(c5ccccc5)n2c1;7.1938200260161125;399.19467704000004;5;1;5.023400000000003;yes
376;CHEMBL3699712;nM;64.0;COC(=O)c1ccn2c(c3ccccc3)c(nc2c1)c4ccc(cc4)C5(N)CCC5;7.1938200260161125;397.17902697600005;5;1;4.792800000000004;yes
378;CHEMBL3667042;nM;65.0;Cc1nc2nc(c3ccc(CN4CC(C4)c5nnc([nH]5)c6ccccn6)cc3)c(cn2n1)c7ccccc7;7.187086643357143;499.2232918000001;8;1;4.5462200000000035;yes
379;CHEMBL2177373;nM;66.0;C[C@@H]1C[C@@H](O)c2ncnc(N3CCN(CC3)C(=O)[C@H](CN)c4ccc(Cl)cc4)c12;7.180456064458131;415.177502752;6;2;2.0617000000000005;yes
380;CHEMBL3699697;nM;66.0;NC(=O)c1ccc2nc(c3ccc(cc3)C4(N)CCC4)c(c5ccccc5)n2c1;7.180456064458131;382.179361324;4;2;4.105100000000002;yes
381;CHEMBL3699727;nM;67.0;NC1(CCC1)c2ccc(cc2)c3nc4ccc(cn4c3c5ccccc5)C(=O)O;7.173925197299173;383.163376912;4;2;4.704400000000003;yes
382;CHEMBL3672493;nM;67.0;NC1(CCC1)c2ccc(cc2)c3nn4c(cnc4cc3c5ccccc5)c6cn[nH]c6;7.173925197299173;406.19059470400003;5;2;4.791300000000003;yes
383;CHEMBL455071;nM;68.0;CN(C)CCN1CCN(CC1)c2ncc3cc(c4ccccc4)c(nc3n2)c5ccc(CN6CCC(CC6)c7nnc([nH]7)c8cc[n+]([O-])cc8)cc5;7.167491087293763;695.3808550600002;10;1;4.840500000000004;yes
384;CHEMBL3672492;nM;68.0;NC(=O)c1cccc(c1)c2cnc3cc(c4ccccc4)c(nn23)c5ccc(cc5)C6(N)CCC6;7.167491087293763;459.20591042000007;5;2;5.167100000000004;yes
385;CHEMBL3703135;nM;69.0;CC(=O)c1ccc2nc(c3ccc(cc3)C4(N)CCC4)c(c5ccccc5)n2c1;7.161150909262744;381.184112356;4;1;5.2088000000000045;yes
386;CHEMBL603244;nM;69.0;NC1(CNC(=O)c2ccc(Cl)cc2)CCN(CC1)c3ncnc4[nH]ccc34;7.161150909262744;384.1465369720001;5;3;2.3390000000000004;yes
390;CHEMBL598841;nM;70.0;CC(C)(C)c1ccc(CC2(N)CCN(CC2)c3ncnc4NC(=O)Nc34)cc1;7.154901959985742;380.232459516;5;3;2.4840999999999998;yes
391;CHEMBL3672496;nM;70.0;NC1(CCC1)c2ccc(cc2)c3nn4c(cnc4cc3c5ccccc5)c6ccn[nH]6;7.154901959985742;406.19059470400003;5;2;4.791300000000003;yes
392;CHEMBL3703102;nM;70.0;CCOc1ccc2nc(c3ccc(cc3)C4(N)CCC4)c(c5ccccc5)n2c1;7.154901959985742;383.19976242;4;1;5.404900000000004;yes
393;CHEMBL261034;nM;71.0;NC(C1CCN(CC1)c2ncnc3[nH]cnc23)c4ccc(Cl)cc4;7.1487416512809245;342.135972288;5;2;2.9227;yes
394;CHEMBL3699751;nM;73.0;NC1(CCC1)c2ccc(cc2)c3nc4c(F)cc(F)cn4c3c5ccccc5;7.136677139879544;375.15470404800004;3;1;5.284400000000004;yes
396;CHEMBL3703117;nM;75.0;COC(=O)CCc1ccn2c(c3ccccc3)c(nc2c1)c4ccc(cc4)C5(N)CCC5;7.1249387366083;425.21032710400004;5;1;5.111800000000004;yes
397;CHEMBL3703151;nM;76.0;COc1cc(C=C)cn2c(c3ccccc3)c(nc12)c4ccc(cc4)C5(N)CCC5;7.1191864077192095;395.19976242;4;1;5.657800000000005;yes
399;CHEMBL1098943;nM;79.0;CCn1c(nc2c(nc(OCCNC)cc12)C#CC(C)(C)O)c3nonc3N;7.102372908709557;385.18623759600007;10;3;0.8039999999999998;yes
400;CHEMBL3699743;nM;79.0;NC1(CCC1)c2ccc(cc2)c3nc4cc(F)ccn4c3c5ccccc5;7.102372908709557;357.16412586;3;1;5.145300000000003;yes
404;CHEMBL3672484;nM;81.0;NC1(CCC1)c2ccc(cc2)c3nn4c(cnc4cc3c5ccccc5)c6ccc(F)cc6;7.091514981121351;434.190674956;4;1;6.2073000000000045;yes
406;CHEMBL3703161;nM;82.0;COC(=O)COc1ccn2c(c3ccccc3)c(nc2c1)c4ccc(cc4)C5(N)CCC5;7.086186147616282;427.1895916600001;6;1;4.5580000000000025;yes
407;CHEMBL3672480;nM;82.0;NC1(CCC1)c2ccc(cc2)c3nn4c(cnc4cc3c5ccccc5)c6cccc(c6)C#N;7.086186147616282;441.19534573600004;5;1;5.939880000000005;yes
410;CHEMBL602236;nM;84.0;NC1(Cc2ccccc2OC(F)(F)F)CCN(CC1)c3ncnc4[nH]ccc34;7.075720713938117;391.16199492000004;5;2;3.3969000000000014;yes
411;CHEMBL3699709;nM;85.0;NC1(CCC1)c2ccc(cc2)c3nc4nc(Oc5ccccc5)ccn4c3c6ccccc6;7.070581074285707;432.195011388;5;1;6.193500000000005;yes
413;CHEMBL3956697;nM;86.0;COC(=O)c1cn2c(c3ccccc3)c(nc2c(OC)n1)c4ccc(cc4)C5(N)CCC5;7.0655015487564325;428.184840628;7;1;4.196400000000002;yes
415;CHEMBL3703131;nM;88.0;NC1(CCC1)c2ccc(cc2)c3nc4ccc(Cl)cn4c3c5ccccc5;7.055517327849832;373.13457532;3;1;5.659600000000005;yes
416;CHEMBL605212;nM;90.0;NC1(Cc2ccc(F)cc2Cl)CCN(CC1)c3ncnc4[nH]ccc34;7.045757490560675;359.13130150800004;4;2;3.2908000000000017;yes
418;CHEMBL3699773;nM;91.0;Cc1c(C)c2nc(c3ccc(cc3)C4(N)CCC4)c(c5ccccc5)n2cc1C(=O)N;7.040958607678906;410.210661452;4;2;4.721940000000003;yes
420;CHEMBL3672490;nM;92.0;NC1(CCC1)c2ccc(cc2)c3nn4c(cnc4cc3c5ccccc5)c6ccc(F)c(CO)c6;7.036212172654443;464.20123964;5;2;5.699600000000005;yes
421;CHEMBL3703147;nM;92.0;CC(=O)Nc1ccc2nc(c3ccc(cc3)C4(N)CCC4)c(c5ccccc5)n2c1;7.036212172654443;396.195011388;4;2;4.964600000000003;yes
422;CHEMBL3703144;nM;92.0;NC(=O)Nc1ccn2c(c3ccccc3)c(nc2c1)c4ccc(cc4)C5(N)CCC5;7.036212172654443;397.19026035600007;4;3;4.496800000000003;yes
423;CHEMBL3699756;nM;93.0;NC1(CCC1)c2ccc(cc2)c3nc4cc(Cl)c(Cl)cn4c3c5ccccc5;7.031517051446066;407.09560296800004;3;1;6.313000000000004;yes
424;CHEMBL3699668;nM;94.0;Cc1ccccc1c2ccn3c(c4ccccc4)c(nc3n2)c5ccc(cc5)C6(N)CCC6;7.0268721464003026;430.21574683200004;4;1;6.376620000000006;yes
426;CHEMBL3703143;nM;95.0;CC(=O)Nc1ccn2c(c3ccccc3)c(nc2c1)c4ccc(cc4)C5(N)CCC5;7.022276394711152;396.195011388;4;2;4.9646000000000035;yes
427;CHEMBL2325994;nM;96.0;NC1(CCN(CC1)c2ncnc3[nH]ccc23)C(=O)NC(CCCN4CCCC4)c5ccc(Cl)cc5;7.017728766960431;495.25133638799997;6;3;3.6425000000000027;yes
429;CHEMBL3932688;nM;97.0;NC(=O)c1cn2c(c3ccccc3)c(nc2cn1)c4ccc(cc4)C5(N)CCC5;7.013228265733755;383.17461029200007;5;2;3.5001000000000015;yes
430;CHEMBL3703163;nM;97.0;CN(C)C(=O)COc1ccn2c(c3ccccc3)c(nc2c1)c4ccc(cc4)C5(N)CCC5;7.013228265733755;440.221226136;5;1;4.473200000000003;yes
432;CHEMBL3703125;nM;97.0;Cn1cncc1c2ccc3nc(c4ccc(cc4)C5(N)CCC5)c(c6ccccc6)n3c2;7.013228265733755;419.21099580000003;5;1;5.406700000000004;yes
433;CHEMBL503652;nM;98.0;CN(C)CCN1CCN(CC1)c2ncc3cc(c4ccccc4)c(nc3n2)c5ccc(CN6CCC(CC6)c7nnc([nH]7)C8=CNC(=O)C=C8)cc5;7.008773924307505;695.3808550600002;10;2;4.895400000000004;yes
434;CHEMBL3672084;nM;100.0;CSc1nc2nc(c3ccc(CN4CC(C4)c5n[nH]c(n5)c6ccccn6)cc3)c(cn2n1)c7ccccc7;7.0;531.1953628000001;9;1;4.959700000000003;yes
435;CHEMBL3699775;nM;100.0;Cc1cc(cn2c(c3ccccc3)c(nc12)c4ccc(cc4)C5(N)CCC5)c6cn[nH]c6;7.0;419.2109958000001;4;2;5.704720000000005;yes
436;CHEMBL3699695;nM;101.0;NC1(CCC1)c2ccc(cc2)c3nc4ccc(Br)cn4c3c5ccccc5;6.995678626217357;417.08405974;3;1;5.768700000000004;yes
438;CHEMBL3699714;nM;101.0;NC1(CCC1)c2ccc(cc2)c3nc4cc(ccn4c3c5ccccc5)C6CC6;6.995678626217357;379.20484780000004;3;1;5.883600000000004;yes
439;CHEMBL3699753;nM;102.0;CCOC(=O)c1cc(Br)c2nc(c3ccc(cc3)C4(N)CCC4)c(c5ccccc5)n2c1;6.991399828238082;489.10518910800005;5;1;5.945400000000006;yes
440;CHEMBL3672089;nM;102.0;CS(=O)(=O)c1nc2nc(c3ccc(CN4CCC(CC4)c5n[nH]c(n5)c6ccccn6)cc3)c(cn2n1)c7ccccc7;6.991399828238082;591.2164921680002;10;1;4.4215000000000035;yes
441;CHEMBL3699698;nM;106.0;CCOc1cccn2c(c3ccccc3)c(nc12)c4ccc(cc4)C5(N)CCC5;6.9746941347352305;383.19976242;4;1;5.404900000000005;yes
442;CHEMBL3672508;nM;106.0;NC1(CCC1)c2ccc(cc2)c3nn4c(c(Cl)nc4cc3c5ccccc5)c6ccc(F)cc6;6.9746941347352305;468.151702604;4;1;6.860700000000006;yes
446;CHEMBL3699755;nM;108.0;COc1ccn2c(c3ccccc3)c(nc2c1C#N)c4ccc(cc4)C5(N)CCC5;6.966576244513051;394.179361324;5;1;4.886480000000005;yes
448;CHEMBL3699758;nM;109.0;Cc1cc(Br)c2nc(c3ccc(cc3)C4(N)CCC4)c(c5ccccc5)n2c1;6.962573502059376;431.09970980400004;3;1;6.077120000000006;yes
449;CHEMBL3672498;nM;110.0;CCOC(=O)c1cncc(c1)c2cnc3cc(c4ccccc4)c(nn23)c5ccc(cc5)C6(N)CCC6;6.9586073148417755;489.2164751040001;7;1;5.639900000000006;yes
450;CHEMBL3699772;nM;112.0;NC(=O)c1cc(cn2c(c3ccccc3)c(nc12)c4ccc(cc4)C5(N)CCC5)c6cccnc6;6.950781977329817;459.20591042000007;5;2;5.167100000000004;yes
451;CHEMBL3672495;nM;115.0;COC(=O)c1ccc(cn1)c2cnc3cc(c4ccccc4)c(nn23)c5ccc(cc5)C6(N)CCC6;6.939302159646387;475.2008250400001;7;1;5.249800000000005;yes
452;CHEMBL3703124;nM;115.0;NC1(CCC1)c2ccc(cc2)c3nc4ccc(cn4c3c5ccccc5)c6cn[nH]c6;6.939302159646387;405.1953457360001;4;2;5.3963000000000045;yes
454;CHEMBL3699689;nM;116.0;CNC(=O)c1ccc2nc(c3ccc(cc3)C4(N)CCC4)c(c5ccccc5)n2c1;6.935542010773082;396.195011388;4;2;4.365800000000003;yes
456;CHEMBL3699736;nM;116.0;COC(=O)c1cc(Cl)c2nc(c3ccc(cc3)C4(N)CCC4)c(c5ccccc5)n2c1;6.935542010773082;431.140054624;5;1;5.446200000000005;yes
457;CHEMBL3699735;nM;118.0;NC1(CCC1)c2ccc(cc2)c3nc4ccc(cn4c3c5ccccc5)C(=O)NO;6.928117992693874;398.174275944;5;3;4.125200000000002;yes
458;CHEMBL1258330;nM;118.0;N[C@H](Cc1ccc(Cl)cc1)C(=O)N2CCN(CC2)c3ncnc4ccccc34;6.928117992693874;395.15128800400004;5;1;2.5018000000000002;yes
459;CHEMBL3672073;nM;118.0;COc1nn2cc(c(nc2c1CO)c3ccc(CN4CC(C4)c5n[nH]c(n5)c6ccccn6)cc3)c7c(F)cccc7F;6.928117992693874;580.2146785120001;9;2;4.621900000000004;yes
460;CHEMBL3672491;nM;118.0;NC(=O)c1ccc(cc1)c2cnc3cc(c4ccccc4)c(nn23)c5ccc(cc5)C6(N)CCC6;6.928117992693874;459.20591042000007;5;2;5.167100000000004;yes
461;CHEMBL3699771;nM;119.0;NC(=O)c1cc(cn2c(c3ccccc3)c(nc12)c4ccc(cc4)C5(N)CCC5)c6ccn[nH]6;6.924453038607469;448.20115938800006;5;3;4.495200000000002;yes
462;CHEMBL3699680;nM;120.0;COc1ccn2c(c3ccccc3)c(nc2n1)c4ccc(cc4)C5(N)CCC5;6.920818753952375;370.179361324;5;1;4.409800000000003;yes
463;CHEMBL3672487;nM;123.0;NC1(CCC1)c2ccc(cc2)c3nn4c(cnc4cc3c5ccccc5)c6ccc(CO)cc6;6.910094888560603;446.21066145199995;5;2;5.5605000000000055;yes
464;CHEMBL3699691;nM;124.0;COc1cccn2c(c3ccccc3)c(nc12)c4ccc(cc4)C5(N)CCC5;6.9065783148377635;369.184112356;4;1;5.014800000000005;yes
465;CHEMBL3672092;nM;124.0;OCc1cn2cc(c3ccccc3)c(nc2n1)c4ccc(CN5CC(C5)c6n[nH]c(n6)c7ccccn7)cc4;6.9065783148377635;514.2229574520002;8;2;4.335100000000002;yes
467;CHEMBL512135;nM;125.0;NCC(NC(=O)c1cc(Br)c(s1)c2ccnc3[nH]ccc23)c4ccccc4;6.903089986991943;440.0306442640001;4;3;4.483700000000002;yes
470;CHEMBL3699777;nM;129.0;Cc1cc(cn2c(c3ccccc3)c(nc12)c4ccc(cc4)C5(N)CCC5)c6cccnc6;6.889410289700751;430.21574683200004;4;1;6.376620000000006;yes
471;CHEMBL2325740;nM;130.0;COCCC(NC(=O)C1(N)CCN(CC1)c2ncnc3[nH]ccc23)c4ccc(Cl)cc4;6.886056647693162;442.18840178400006;6;3;2.8030000000000017;yes
472;CHEMBL2177825;nM;130.0;Nc1ncccc1c2nc3cc(Br)cnc3n2c4ccc(CNC(=O)c5ccccc5)cc4;6.886056647693162;498.08037132800007;6;2;4.757200000000003;yes
474;CHEMBL3968885;nM;130.0;CCOC(=O)c1cn2c(c3ccccc3)c(nc2cn1)c4ccc(cc4)C5(N)CCC5;6.886056647693162;412.189926008;6;1;4.577900000000003;yes
475;CHEMBL594755;nM;130.0;Cc1occc1c2nc(N)c(OC[C@@H](N)Cc3ccccc3)cc2c4cnc5[nH]nc(C)c5n4;6.886056647693162;455.2069730400001;8;3;3.8227400000000022;yes
476;CHEMBL3703162;nM;132.0;NC(=O)COc1ccn2c(c3ccccc3)c(nc2c1)c4ccc(cc4)C5(N)CCC5;6.8794260687941495;412.189926008;5;2;3.870300000000002;yes
477;CHEMBL3703166;nM;134.0;NC1(CCC1)c2ccc(cc2)c3nc4ccc(OC[N+]#[C-])cn4c3c5ccccc5;6.872895201635193;394.179361324;4;1;5.261790000000004;yes
478;CHEMBL3703133;nM;134.0;NC(=O)\C=C\c1ccc2nc(c3ccc(cc3)C4(N)CCC4)c(c5ccccc5)n2c1;6.872895201635193;408.195011388;4;2;4.504700000000003;yes
479;CHEMBL3703164;nM;135.0;NC1(CCC1)c2ccc(cc2)c3nc4cc(OC[N+]#[C-])ccn4c3c5ccccc5;6.8696662315049934;394.179361324;4;1;5.261790000000004;yes
480;CHEMBL3672482;nM;136.0;NC1(CCC1)c2ccc(cc2)c3nn4c(cnc4cc3c5ccccc5)c6ccc(cc6)C#N;6.866461091629782;441.19534573600004;5;1;5.939880000000005;yes
482;CHEMBL3699708;nM;138.0;NC1(CCC1)c2ccc(cc2)c3nc4nc(OC5CCCCC5)ccn4c3c6ccccc6;6.860120913598763;438.24196158;5;1;6.112700000000006;yes
483;CHEMBL3699707;nM;139.0;CC(C)Oc1ccn2c(c3ccccc3)c(nc2n1)c4ccc(cc4)C5(N)CCC5;6.856985199745905;398.210661452;5;1;5.188400000000005;yes
486;CHEMBL3703134;nM;142.0;CCOC(=O)c1ccc2nc(c3ccc(cc3)C4(N)CCC4)c(c5ccccc5)n2c1;6.847711655616944;411.19467704000004;5;1;5.182900000000004;yes
488;CHEMBL3699730;nM;144.0;NC1(CCC1)c2ccc(cc2)c3nc4ccc(cn4c3c5ccccc5)C(=O)NCCF;6.84163750790475;428.20123964000004;4;2;4.705500000000003;yes
490;CHEMBL449200;nM;146.0;OCCN1CCN(CC1)c2ncc3cc(c4ccccc4)c(nc3n2)c5ccc(CN6CCC(CC6)c7nnc([nH]7)c8cc[n+]([O-])cc8)cc5;6.835647144215562;668.3335705200001;10;2;4.271200000000003;yes
491;CHEMBL3699677;nM;146.0;CNC(=O)Nc1ccn2c(c3ccccc3)c(nc2c1)c4ccc(cc4)C5(N)CCC5;6.835647144215562;411.20591042000007;4;3;4.757500000000003;yes
492;CHEMBL3699682;nM;148.0;CCCOc1ccn2c(c3ccccc3)c(nc2n1)c4ccc(cc4)C5(N)CCC5;6.8297382846050425;398.210661452;5;1;5.190000000000005;yes
493;CHEMBL3672488;nM;151.0;NC1(CCC1)c2ccc(cc2)c3nn4c(cnc4cc3c5ccccc5)c6ccc(cc6)S(=O)(=O)N;6.82102305270683;495.17289604;6;2;4.715600000000004;yes
494;CHEMBL3699665;nM;153.0;Cc1ccn2c(c3ccccc3)c(nc2n1)c4ccc(cc4)C5(N)CCC5;6.815308569182402;354.18444670400004;4;1;4.709620000000004;yes
495;CHEMBL3699738;nM;154.0;CCNC(=O)c1ccc2nc(c3ccc(cc3)C4(N)CCC4)c(c5ccccc5)n2c1;6.8124792791635365;410.210661452;4;2;4.755900000000003;yes
497;CHEMBL3699739;nM;154.0;NC1(CCC1)c2ccc(cc2)c3nc4ccc(cn4c3c5ccccc5)C6CC6;6.8124792791635365;379.20484780000004;3;1;5.883600000000004;yes
498;CHEMBL3703156;nM;154.0;NC(=O)c1cccn2c(c3ccccc3)c(nc12)c4ccc(cc4)C5(N)CCC5;6.8124792791635365;382.179361324;4;2;4.105100000000003;yes
500;CHEMBL3703129;nM;159.0;NC1(CCC1)c2ccc(cc2)c3nc4ccc(cn4c3c5ccccc5)c6cccnc6;6.798602875679549;416.20009676800004;4;1;6.068200000000005;yes
501;CHEMBL2325730;nM;159.0;NC(=O)C(NC(=O)C1(N)CCN(CC1)c2ncnc3[nH]ccc23)c4ccc(Cl)cc4;6.798602875679549;427.152350624;6;4;1.2518000000000011;yes
503;CHEMBL3699752;nM;160.0;Cc1cc(Cl)cn2c(c3ccccc3)c(nc12)c4ccc(cc4)C5(N)CCC5;6.795880017344076;387.150225384;3;1;5.968020000000005;yes
504;CHEMBL3699710;nM;161.0;CCc1cnc2nc(c3ccc(cc3)C4(N)CCC4)c(c5ccccc5)n2c1;6.793174123968151;368.20009676800004;4;1;4.963600000000003;yes
505;CHEMBL3699716;nM;162.0;NC1(CCC1)c2ccc(cc2)c3nc4c(Br)cccn4c3c5ccccc5;6.790484985457369;417.08405974;3;1;5.768700000000004;yes
506;CHEMBL3699696;nM;163.0;COc1ccc2nc(c3ccc(cc3)C4(N)CCC4)c(c5ccccc5)n2c1;6.787812395596043;369.184112356;4;1;5.014800000000004;yes
508;CHEMBL3699705;nM;165.0;COc1cc(COc2ccn3c(c4ccccc4)c(nc3n2)c5ccc(cc5)C6(N)CCC6)ccn1;6.782516055786092;477.2164751040001;7;1;5.383800000000005;yes
511;CHEMBL3699747;nM;170.0;NC1(CCC1)c2ccc(cc2)c3nc4c(cccn4c3c5ccccc5)c6ccn[nH]6;6.769551078621726;405.1953457360001;4;2;5.3963000000000045;yes
514;CHEMBL259141;nM;180.0;NC1CCN(CC1)c2ncnc3[nH]ccc23;6.7447274948966935;217.13274547999998;4;2;0.8853999999999993;yes
516;CHEMBL507204;nM;185.0;CN1CCN(CC1)c2ncc3cc(c4ccccc4)c(nc3n2)c5ccc(CN6CCC(CC6)c7nnc([nH]7)c8cc[n+]([O-])cc8)cc5;6.732828271596986;638.3230058360002;9;1;4.908700000000004;yes
517;CHEMBL450266;nM;188.0;CN1CCN(CC1)c2ncc3cc(c4ccccc4)c(nc3n2)c5ccc(CN6CCC(CC6)c7nnc([nH]7)C8=CNC(=O)C=C8)cc5;6.72584215073632;638.3230058360002;9;2;4.963600000000003;yes
518;CHEMBL3699776;nM;190.0;Cc1cc(cn2c(c3ccccc3)c(nc12)c4ccc(cc4)C5(N)CCC5)c6ccn[nH]6;6.721246399047171;419.2109958000001;4;2;5.704720000000005;yes
520;CHEMBL2325985;nM;190.0;NC1(CCN(CC1)c2ncnc3[nH]ccc23)C(=O)NC(Cc4ccccc4)c5ccc(Cl)cc5;6.721246399047171;474.193487164;5;3;4.0092000000000025;yes
521;CHEMBL3699715;nM;192.0;CCc1ccc2nc(c3ccc(cc3)C4(N)CCC4)c(c5ccccc5)n2c1;6.71669877129645;367.20484780000004;3;1;5.568600000000005;yes
523;CHEMBL3699679;nM;193.0;NC1(CCC1)c2ccc(cc2)c3nc4ccc(cn4c3c5ccccc5)n6cccn6;6.714442690992227;405.1953457360001;5;1;5.191900000000005;yes
524;CHEMBL3699713;nM;198.0;COC(=O)c1ccc2nc(c3ccc(cc3)C4(N)CCC4)c(c5ccccc5)n2c1;6.703334809738469;397.17902697600005;5;1;4.792800000000003;yes
526;CHEMBL374742;nM;200.0;C1CC(CCN1)(c2ccccc2)c3ccc(cc3)c4cn[nH]c4;6.698970004336019;303.17354767200004;2;2;3.7462000000000026;yes
527;CHEMBL1096290;nM;200.0;CCn1c(nc2c(nc(CN3CCCC3)cc12)C#CC(C)(C)O)c4nonc4N;6.698970004336019;395.20697304000004;9;2;1.8015999999999996;yes
528;CHEMBL1096292;nM;200.0;CCn1c(nc2c(nc(OCCCN)cc12)C#CC(C)(C)O)c3nonc3N;6.698970004336019;385.18623759600007;10;3;0.9334;yes
529;CHEMBL3679634;nM;200.0;NC(=O)N1C(=N)C=Cc2nc(c3ccc(cc3)C4(CCC4)NC(=O)Cc5cccnc5)c(cc12)c6ccccc6;6.698970004336019;528.2273741360001;6;3;4.909670000000005;yes
531;CHEMBL3699766;nM;203.0;Cc1cc(c2cn[nH]c2)c3nc(c4ccc(cc4)C5(N)CCC5)c(c6ccccc6)n3c1;6.692503962086787;419.21099580000003;4;2;5.7047200000000045;yes
532;CHEMBL3703132;nM;203.0;COC(=O)\C=C\c1ccc2nc(c3ccc(cc3)C4(N)CCC4)c(c5ccccc5)n2c1;6.692503962086787;423.19467704000004;5;1;5.192400000000004;yes
533;CHEMBL3699701;nM;204.0;COC(=O)c1cccn2c(c3ccccc3)c(nc12)c4ccc(cc4)C5(N)CCC5;6.690369832574102;397.17902697600005;5;1;4.792800000000004;yes
534;CHEMBL521823;nM;204.0;CCn1c(nc2cncc(OCC3CCNCC3)c12)c4nonc4N;6.690369832574102;343.17567291200004;9;2;1.4617999999999998;yes
535;CHEMBL3703126;nM;210.0;Cn1cc(cn1)c2ccc3nc(c4ccc(cc4)C5(N)CCC5)c(c6ccccc6)n3c2;6.6777807052660805;419.21099580000003;5;1;5.406700000000004;yes
536;CHEMBL3699750;nM;210.0;Cc1ccn2c(c3ccccc3)c(nc2c1Cl)c4ccc(cc4)C5(N)CCC5;6.6777807052660805;387.150225384;3;1;5.968020000000005;yes
538;CHEMBL606200;nM;210.0;CC(C)(C)c1ccc(CNC(=O)C2(N)CCN(CC2)c3ncnc4[nH]ccc34)cc1;6.6777807052660805;406.24810958000006;5;3;2.8695000000000004;yes
539;CHEMBL2325984;nM;210.0;NC1(CCN(CC1)c2ncnc3[nH]ccc23)C(=O)NC(c4ccccc4)c5ccc(Cl)cc5;6.6777807052660805;460.1778371;5;3;3.8148000000000017;yes
542;CHEMBL3672033;nM;214.0;COC(=O)c1cnn2cc(c3ccc(F)cc3F)c(nc12)c4ccc(CN5CC(C5)c6n[nH]c(n6)c7ccccn7)cc4;6.669586226650809;578.199028448;9;1;4.907600000000003;yes
543;CHEMBL3699721;nM;216.0;NC1(CCC1)c2ccc(cc2)c3nc4c(Cl)cccn4c3c5ccccc5;6.665546248849069;373.13457532;3;1;5.659600000000005;yes
544;CHEMBL3944710;nM;220.0;Cc1cn2c(c3ccccc3)c(nc2c(C)n1)c4ccc(cc4)C5(N)CCC5;6.657577319177793;368.20009676800004;4;1;5.0180400000000045;yes
546;CHEMBL3703148;nM;221.0;NC(=O)Nc1ccc2nc(c3ccc(cc3)C4(N)CCC4)c(c5ccccc5)n2c1;6.655607726314889;397.19026035600007;4;3;4.496800000000003;yes
547;CHEMBL3672509;nM;222.0;NC(=O)\C=C\c1cnc2cc(c3ccccc3)c(nn12)c4ccc(cc4)C5(N)CCC5;6.653647025549362;409.19026035600007;5;2;3.899700000000002;yes
553;CHEMBL3699687;nM;229.0;Cc1ccc2nc(c3ccc(cc3)C4(N)CCC4)c(c5ccccc5)n2c1;6.6401645176601125;353.18919773600004;3;1;5.314620000000004;yes
555;CHEMBL3699726;nM;231.0;NC1(CCC1)c2ccc(cc2)c3nc4c(cccn4c3c5ccccc5)c6cn[nH]c6;6.636388020107856;405.1953457360001;4;2;5.3963000000000045;yes
556;CHEMBL3699719;nM;233.0;CCOC(=O)c1cccn2c(c3ccccc3)c(nc12)c4ccc(cc4)C5(N)CCC5;6.632644078973981;411.19467704000004;5;1;5.182900000000005;yes
558;CHEMBL3699734;nM;239.0;NC1(CCC1)c2ccc(cc2)c3nc4ccc(cn4c3c5ccccc5)C(=O)NCC6CC6;6.621602099051862;436.226311516;4;2;5.146000000000004;yes
559;CHEMBL3699684;nM;241.0;Cc1ccn2c(c3ccccc3)c(nc2c1)c4ccc(cc4)C5(N)CCC5;6.617982957425133;353.18919773600004;3;1;5.314620000000005;yes
561;CHEMBL261247;nM;246.0;NC(C1CCN(CC1)c2ncnc3[nH]ccc23)c4ccccc4;6.609064892896622;307.179695672;4;2;2.8743000000000007;yes
562;CHEMBL2177380;nM;249.0;CC(C)NC[C@@H](C(=O)N1CCN(CC1)c2ncnc3[C@@H](O)C[C@@H](C)c23)c4ccc(Cl)cc4;6.603800652904264;457.22445294399995;6;2;3.1010000000000018;yes
563;CHEMBL606467;nM;250.0;Cc1n[nH]c2ncc(nc12)c3cc(OC[C@@H](N)Cc4c[nH]c5ccccc45)c(nc3c6cocc6)C#N;6.6020599913279625;490.18657194400004;8;3;4.285100000000003;yes
564;CHEMBL596990;nM;250.0;NC1(CCN(CC1)c2ncnc3[nH]ccc23)C(=O)N4CCc5ccccc5C4;6.6020599913279625;376.20115938799995;5;2;1.840499999999999;yes
566;CHEMBL3672034;nM;253.0;Fc1ccc(cc1)c2cn3ccnc3nc2c4ccc(CN5CC(C5)c6n[nH]c(n6)c7ccccn7)cc4;6.5968794788241825;502.2029709560002;7;1;4.981900000000003;yes
567;CHEMBL3699723;nM;253.0;NC1(CCC1)c2ccc(cc2)c3nc4c(cccn4c3c5ccccc5)C6CC6;6.5968794788241825;379.20484780000004;3;1;5.883600000000004;yes
569;CHEMBL383541;nM;257.0;N[C@H](COc1cncc(\C=C\c2ccncc2)c1)Cc3c[nH]c4ccccc34;6.590066876668706;370.179361324;4;2;4.077100000000003;yes
572;CHEMBL227381;nM;260.0;Clc1ccc(COCCNCCNS(=O)(=O)c2cccc3cnccc23)cc1;6.585026652029183;419.107040244;5;2;2.972900000000001;yes
573;CHEMBL3699694;nM;263.0;NC1(CCC1)c2ccc(cc2)c3nc4c(CO)cccn4c3c5ccccc5;6.580044251510242;369.184112356;4;2;4.4985000000000035;yes
574;CHEMBL3672489;nM;264.0;NC1(CCC1)c2ccc(cc2)c3nn4c(Br)cnc4cc3c5ccccc5;6.578396073130167;418.07930870800004;4;1;5.163700000000004;yes
575;CHEMBL3699746;nM;267.0;COc1cncc(c1)c2cccn3c(c4ccccc4)c(nc23)c5ccc(cc5)C6(N)CCC6;6.573488738635424;446.210661452;5;1;6.076800000000006;yes
577;CHEMBL261260;nM;270.0;NC1CCN(CC1)c2ncnc3[nH]cnc23;6.568636235841013;218.12799444799998;5;2;0.2803999999999996;yes
580;CHEMBL3699685;nM;274.0;Cc1cccn2c(c3ccccc3)c(nc12)c4ccc(cc4)C5(N)CCC5;6.562249437179612;353.18919773600004;3;1;5.314620000000005;yes
581;CHEMBL3699720;nM;277.0;NC1(CCC1)c2ccc(cc2)c3nc4c(F)cccn4c3c5ccccc5;6.557520230935554;357.16412586;3;1;5.145300000000003;yes
582;CHEMBL3672485;nM;277.0;Cc1ccc(cc1)c2cnc3cc(c4ccccc4)c(nn23)c5ccc(cc5)C6(N)CCC6;6.557520230935554;430.21574683200004;4;1;6.376620000000006;yes
583;CHEMBL3672481;nM;278.0;CS(=O)(=O)c1ccc(cc1)c2cnc3cc(c4ccccc4)c(nn23)c5ccc(cc5)C6(N)CCC6;6.555955204081924;494.17764707200007;6;1;5.471700000000006;yes
584;CHEMBL3699729;nM;279.0;CC(C)NC(=O)c1ccc2nc(c3ccc(cc3)C4(N)CCC4)c(c5ccccc5)n2c1;6.554395796726402;424.226311516;4;2;5.144400000000004;yes
585;CHEMBL1258662;nM;279.0;N[C@H](Cc1ccc(Br)cc1)C(=O)N2CCN(CC2)c3ncnc4ccccc34;6.554395796726402;439.10077242400007;5;1;2.610900000000001;yes
586;CHEMBL223339;nM;280.0;NC[C@H](c1ccc(Cl)cc1)c2ccc(cc2)c3cn[nH]c3;6.552841968657781;297.103275192;2;2;3.820700000000002;yes
590;CHEMBL502113;nM;284.0;OCCN1CCN(CC1)c2ncc3cc(c4ccccc4)c(nc3n2)c5ccc(CN6CCC(CC6)c7nnc([nH]7)C8=CNC(=O)C=C8)cc5;6.546681659952962;668.3335705200001;10;3;4.326100000000003;yes
591;CHEMBL3703128;nM;288.0;NC1(CCC1)c2ccc(cc2)c3nc4ccc(cn4c3c5ccccc5)c6ccncc6;6.5406075122407685;416.20009676800004;4;1;6.068200000000005;yes
592;CHEMBL259356;nM;290.0;NCC1CCN(CC1)c2ncnc3[nH]cnc23;6.5376020021010435;232.14364451199998;5;2;0.5279999999999998;yes
593;CHEMBL3699670;nM;291.0;COc1cnc2nc(c3ccc(cc3)C4(N)CCC4)c(c5ccccc5)n2c1;6.536107011014093;370.179361324;5;1;4.409800000000002;yes
594;CHEMBL3699669;nM;293.0;Cc1cnc2nc(c3ccc(cc3)C4(N)CCC4)c(c5ccccc5)n2c1;6.53313237964589;354.18444670400004;4;1;4.709620000000003;yes
595;CHEMBL3699733;nM;295.0;NC1(CCC1)c2ccc(cc2)c3nc4ccc(cn4c3c5ccccc5)C(=O)NC6CC6;6.5301779840218375;422.210661452;4;2;4.898400000000004;yes
599;CHEMBL3703145;nM;305.0;CON(C)C(=O)c1ccn2c(c3ccccc3)c(nc2c1)c4ccc(cc4)C5(N)CCC5;6.515700160653214;426.205576072;5;1;4.639600000000003;yes
600;CHEMBL3703149;nM;308.0;CNC(=O)Nc1ccc2nc(c3ccc(cc3)C4(N)CCC4)c(c5ccccc5)n2c1;6.511449283499554;411.20591042000007;4;3;4.757500000000003;yes
601;CHEMBL2012702;nM;311.0;CN(C)CCNc1cc(Cl)cc(N2CCN(CC2)c3ncnc4[nH]nc(Br)c34)c1C;6.507239610973163;492.11523261200006;7;2;3.377320000000002;yes
602;CHEMBL3703150;nM;313.0;CS(=O)(=O)Nc1ccc2nc(c3ccc(cc3)C4(N)CCC4)c(c5ccccc5)n2c1;6.5044556624535526;432.161997008;5;2;4.377700000000003;yes
603;CHEMBL3699683;nM;313.0;NC1(CCC1)c2ccc(cc2)c3nc4c(cccn4c3c5ccccc5)C#N;6.5044556624535526;364.16879664000004;4;1;4.877880000000004;yes
605;CHEMBL1096636;nM;316.0;CCn1c(nc2c(nc(OCCCCN)cc12)C#CC(C)(C)O)c3nonc3N;6.5003129173815966;399.20188766000007;10;3;1.3235;yes
607;CHEMBL3672510;nM;326.0;NC1(CCC1)c2ccc(cc2)c3nn4c(C=C)cnc4cc3c5ccccc5;6.4867823999320615;366.184446704;4;1;5.044200000000004;yes
608;CHEMBL3699671;nM;328.0;CCOc1cnc2nc(c3ccc(cc3)C4(N)CCC4)c(c5ccccc5)n2c1;6.484126156288321;384.195011388;5;1;4.799900000000004;yes
610;CHEMBL3672019;nM;332.0;Nc1ncnc2c1cnn2C3CCN(Cc4ccc(cc4)c5nc6ccnn6cc5c7ccccc7)CC3;6.478861916295964;501.2389418640001;9;1;4.6223000000000045;yes
611;CHEMBL3699741;nM;338.0;NC(=O)C1(COc2ccn3c(c4ccccc4)c(nc3n2)c5ccc(cc5)C6(N)CCC6)CC1;6.471083299722345;453.21647510400004;6;2;4.045500000000002;yes
612;CHEMBL2325987;nM;344.0;CC(NC(=O)C1(N)CCN(CC1)c2ncnc3[nH]ccc23)c4ccc(F)cc4;6.46344155742847;382.191737576;5;3;2.2721;yes
613;CHEMBL2177389;nM;356.0;CC(C)NC[C@@H](C(=O)N1CCN(CC1)c2ncnc3CC[C@@H](CO)c23)c4ccc(Cl)cc4;6.448550002027124;457.22445294399995;6;2;2.5825000000000005;yes
614;CHEMBL3699693;nM;357.0;NC1(CCC1)c2ccc(cc2)c3nc4cc(CO)ccn4c3c5ccccc5;6.447331783887807;369.184112356;4;2;4.4985000000000035;yes
616;CHEMBL3703121;nM;369.0;NC1(CCC1)c2ccc(cc2)c3nc4ccc(cn4c3c5ccccc5)c6cnc[nH]6;6.4329736338409385;405.1953457360001;4;2;5.3963000000000045;yes
619;CHEMBL3699703;nM;385.0;NC1(CCC1)c2ccc(cc2)c3nc4ccc(CO)cn4c3c5ccccc5;6.414539270491499;369.184112356;4;2;4.4985000000000035;yes
620;CHEMBL3699722;nM;385.0;NC1(CCC1)c2ccc(cc2)c3nc4ccc(F)cn4c3c5ccccc5;6.414539270491499;357.16412586;3;1;5.145300000000003;yes
622;CHEMBL3699761;nM;392.0;Cc1c(Cl)cn2c(c3ccccc3)c(nc2c1c4ccn[nH]4)c5ccc(cc5)C6(N)CCC6;6.406713932979543;453.17202344800006;4;2;6.358120000000006;yes
623;CHEMBL3703171;nM;397.0;NC1(CCC1)c2ccc(cc2)c3nc4c(Cl)cc(cn4c3c5ccccc5)C#N;6.401209493236885;398.12982428800007;4;1;5.531280000000004;yes
624;CHEMBL389176;nM;400.0;NC(c1ccccc1)c2ccc(cc2)c3ncnc4[nH]cnc34;6.3979400086720375;301.13274548000004;4;2;3.0680000000000005;yes
625;CHEMBL3544960;nM;402.0;NC[C@@](O)(c1ccc(Cl)cc1)c2ccc(cc2)c3cn[nH]c3;6.39577394691553;313.09818981200004;3;3;2.9247000000000005;yes
626;CHEMBL3699678;nM;402.0;NC1(CCC1)c2ccc(cc2)c3nc4nc(ccn4c3c5ccccc5)N6C=CC=CC6=O;6.39577394691553;433.190260356;6;1;4.552100000000004;yes
627;CHEMBL3699763;nM;410.0;Cc1cc(c2cccnc2)c3nc(c4ccc(cc4)C5(N)CCC5)c(c6ccccc6)n3c1;6.3872161432802645;430.21574683200004;4;1;6.376620000000006;yes
628;CHEMBL3699704;nM;416.0;COCCOc1ccn2c(c3ccccc3)c(nc2n1)c4ccc(cc4)C5(N)CCC5;6.380906669373259;414.205576072;6;1;4.426400000000003;yes
629;CHEMBL3672022;nM;417.0;Cc1nc2nc(c3ccc(CN4CCC(CC4)n5ncc6c(N)ncnc56)cc3)c(cn2n1)c7ccccc7;6.379863945026242;516.2498408960001;10;1;4.325720000000003;yes
630;CHEMBL3703159;nM;417.0;NC(=O)CCc1ccn2c(c3ccccc3)c(nc2c1)c4ccc(cc4)C5(N)CCC5;6.379863945026242;410.210661452;4;2;4.424100000000003;yes
631;CHEMBL3699690;nM;419.0;COCc1ccc2nc(c3ccc(cc3)C4(N)CCC4)c(c5ccccc5)n2c1;6.377785977033705;383.19976242;4;1;5.152600000000004;yes
632;CHEMBL499683;nM;421.0;O[C@@H]1CN(CCN1)c2ncc3cc(c4ccccc4)c(nc3n2)c5ccc(CN6CCC(CC6)c7nnc([nH]7)c8ccccn8)cc5;6.375717904164333;624.307355772;10;3;4.646500000000003;yes
633;CHEMBL3699724;nM;422.0;NC1(CCC1)c2ccc(cc2)c3nc4ccc(C=C)cn4c3c5ccccc5;6.374687549038327;365.18919773600004;3;1;5.649200000000005;yes
635;CHEMBL3699673;nM;426.0;NC1(CCC1)c2ccc(cc2)c3nc4ccc(cn4c3c5ccccc5)C#N;6.3705904008972825;364.16879664000004;4;1;4.877880000000004;yes
636;CHEMBL227605;nM;430.0;NC(Cc1ccccc1)c2ccc(cc2)c3ncnc4[nH]cnc34;6.366531544420412;315.14839554400004;4;2;3.2624000000000013;yes
637;CHEMBL3672494;nM;431.0;NC1(CCC1)c2ccc(cc2)c3nn4c(cnc4cc3c5ccccc5)c6ccc(O)nc6;6.3655227298392685;433.190260356;6;2;5.1688000000000045;yes
638;CHEMBL1258898;nM;433.0;N[C@H](Cc1ccc(Cl)c(Cl)c1)C(=O)N2CCN(CC2)c3ncnc4ccccc34;6.3635121036466336;429.11231565200006;5;1;3.1552000000000016;yes
639;CHEMBL2035021;nM;435.0;NC1(CCC1)c2ccc(cc2)c3nc4ccccn4c3c5ccccc5;6.361510743045362;339.17354767200004;3;1;5.006200000000003;yes
640;CHEMBL3672024;nM;435.0;Cc1nc2nc(c3ccc(CN4CCC(C4)c5n[nH]c(n5)c6ccccn6)cc3)c(cn2n1)c7ccccc7;6.361510743045362;513.238941864;8;1;4.936320000000004;yes
641;CHEMBL3703154;nM;459.0;NC1(CCC1)c2ccc(cc2)c3nc4ccc(O)cn4c3c5ccccc5;6.338187314462738;355.168462292;4;2;4.711800000000003;yes
642;CHEMBL3703130;nM;462.0;NC1(CCC1)c2ccc(cc2)c3nc4ccc(cn4c3c5ccccc5)c6ccccn6;6.335358024443875;416.20009676800004;4;1;6.068200000000005;yes
644;CHEMBL253458;nM;468.0;Nc1ncnc2c1cnn2C3CCN(Cc4ccc(cc4)c5nc6ncnc(N)c6cc5c7ccccc7)CC3;6.329754146925875;528.2498408960001;10;2;4.5000000000000036;yes
645;CHEMBL3699778;nM;475.0;Cc1cc([nH]n1)c2cc(C)c3nc(c4ccc(cc4)C5(N)CCC5)c(c6ccccc6)n3c2;6.323306390375134;433.22664586400003;4;2;6.013140000000005;yes
646;CHEMBL3672069;nM;476.0;CNc1c(c2ccccc2)c(nc3nccn13)c4ccc(CN5CC(C5)c6n[nH]c(n6)c7ccccn7)cc4;6.3223930472795065;513.2389418640001;8;2;4.884500000000003;yes
647;CHEMBL2012703;nM;477.0;CN(C)CCNc1cc(Cl)cc(N2CCN(CC2)c3ncnc4[nH]nc(c34)C(F)(F)F)c1C;6.321481620959887;482.1921051720001;7;2;3.6336200000000023;yes
648;CHEMBL3699745;nM;480.0;NC1(CCC1)c2ccc(cc2)c3nc4c(cccn4c3c5ccccc5)c6cccc(F)c6;6.3187587626244115;433.195425988;3;1;6.812300000000006;yes
649;CHEMBL3699731;nM;482.0;NC1(CCC1)c2ccc(cc2)c3nc4ccc(cn4c3c5ccccc5)C(=O)NCCO;6.31695296176115;426.205576072;5;3;3.728300000000002;yes
651;CHEMBL3703165;nM;486.0;COC(=O)COc1ccc2nc(c3ccc(cc3)C4(N)CCC4)c(c5ccccc5)n2c1;6.3133637307377075;427.1895916600001;6;1;4.558000000000003;yes
653;CHEMBL513728;nM;500.0;NC[C@@H](Cc1ccccc1)NC(=O)c2cc(Br)c(s2)c3ccnc4[nH]ccc34;6.301029995663981;454.0462943280001;4;3;4.353700000000003;yes
654;CHEMBL3703122;nM;504.0;NC1(CCC1)c2ccc(cc2)c3nc4ccc(cn4c3c5ccccc5)c6ncc[nH]6;6.297569463554474;405.1953457360001;4;2;5.3963000000000045;yes
656;CHEMBL227029;nM;510.0;NCC(c1ccccc1)c2ccc(cc2)c3cn[nH]c3;6.292429823902062;263.142247544;2;2;3.167300000000001;yes
657;CHEMBL3699732;nM;515.0;COCCNC(=O)c1ccc2nc(c3ccc(cc3)C4(N)CCC4)c(c5ccccc5)n2c1;6.2881927709588075;440.22122613600004;5;2;4.382400000000003;yes
658;CHEMBL3699760;nM;516.0;Cc1c(Cl)cn2c(c3ccccc3)c(nc2c1c4ccc(F)cc4)c5ccc(cc5)C6(N)CCC6;6.28735029837279;481.17210370000004;3;1;7.774120000000005;yes
659;CHEMBL3699718;nM;519.0;NC1(CCC1)c2ccc(cc2)c3nc4cc(ccn4c3c5ccccc5)C(=O)N6CCCC6;6.284832642151543;436.226311516;4;1;5.242200000000005;yes
660;CHEMBL3699744;nM;521.0;NC1(CCC1)c2ccc(cc2)c3nc4c(cccn4c3c5ccccc5)c6ccc(F)cc6;6.283162276700474;433.195425988;3;1;6.812300000000006;yes
661;CHEMBL252455;nM;529.0;CSc1ncc2cc(c3ccccc3)c(nc2n1)c4ccc(CNCCc5nnc(N)s5)cc4;6.276544327964814;485.1456357360001;9;2;4.846700000000004;yes
663;CHEMBL3699672;nM;550.0;NC1(CCC1)c2ccc(cc2)c3nc4ncc(cn4c3c5ccccc5)c6ccccc6;6.259637310505756;416.200096768;4;1;6.0682000000000045;yes
665;CHEMBL3699664;nM;563.0;NC1(CCC1)c2ccc(cc2)c3nc4ncccn4c3c5ccccc5;6.249491605148653;340.16879664;4;1;4.401200000000003;yes
666;CHEMBL3699681;nM;564.0;NC1(CCC1)c2ccc(cc2)c3nc4nc(O)ccn4c3c5ccccc5;6.248720896016657;356.16371126;5;2;4.1068000000000024;yes
668;CHEMBL3703146;nM;586.0;Nc1ccc2nc(c3ccc(cc3)C4(N)CCC4)c(c5ccccc5)n2c1;6.23210238398191;354.18444670400004;4;2;4.588400000000003;yes
669;CHEMBL104264;nM;590.0;Brc1ccc(\C=C\CNCCNS(=O)(=O)c2cccc3cnccc23)cc1;6.229147988357855;445.04595997999996;4;2;3.5786000000000024;yes
670;CHEMBL1315166;nM;590.0;Cl.Cl.Brc1ccc(\C=C\CNCCNS(=O)(=O)c2cccc3cnccc23)cc1;6.229147988357855;516.999315404;4;2;4.422200000000004;yes
671;CHEMBL3703123;nM;596.0;NC1(CCC1)c2ccc(cc2)c3nc4ccc(cn4c3c5ccccc5)c6cc[nH]n6;6.224753740259764;405.1953457360001;4;2;5.3963000000000045;yes
672;CHEMBL3672010;nM;607.0;C(N1CCC(CC1)c2nc3cccnc3[nH]2)c4ccc(cc4)c5nc6nccn6cc5c7ccccc7;6.216811308924743;485.2327938640001;6;1;5.714200000000005;yes
673;CHEMBL3703168;nM;616.0;NC1(CCC1)c2ccc(cc2)c3nc4ccc(cn4c3c5ccccc5)c6cccnc6O;6.210419287835574;432.195011388;5;2;5.773800000000005;yes
674;CHEMBL3703103;nM;621.0;NC1(CCC1)c2ccc(cc2)c3nc4cc(C=C)ccn4c3c5ccccc5;6.20690839982342;365.18919773600004;3;1;5.649200000000005;yes
675;CHEMBL1258551;nM;630.0;Cc1ccc(C[C@@H](N)C(=O)N2CCN(CC2)c3ncnc4ccccc34)cc1;6.200659450546419;375.20591042;5;1;2.1568199999999997;yes
676;CHEMBL2177819;nM;660.0;Nc1ncccc1c2nc3cccnc3n2c4ccc(CNC(=O)c5ccccc5)cc4;6.180456064458131;420.16985925999995;6;2;3.9947000000000026;yes
677;CHEMBL605326;nM;680.0;NC1(CCN(CC1)c2ncnc3[nH]ccc23)C(=O)N4CCCC4c5ccccc5;6.167491087293763;390.21680945199995;5;2;2.6193;yes
679;CHEMBL3640020;nM;686.0;Cc1cc([nH]n1)c2ccc3nc(c4ccc(cc4)C5(N)CCC5)c(c6ccccc6)n3c2;6.163675884293247;419.21099580000003;4;2;5.7047200000000045;yes
680;CHEMBL255360;nM;696.0;Nc1ncnc2nc(c3ccc(CN4CCC(CC4)n5cnc6c(N)ncnc56)cc3)c(cc12)c7ccccc7;6.157390760389438;528.2498408960001;10;2;4.500000000000003;yes
681;CHEMBL2177818;nM;700.0;Nc1ncccc1c2nc3cccnc3n2c4ccc(CC(=O)Nc5ccccc5)cc4;6.154901959985742;420.16985925999995;6;2;4.2459000000000024;yes
682;CHEMBL3703158;nM;703.0;NC1(CCC1)c2ccc(cc2)c3nc4cc(ccn4c3c5ccccc5)C#C;6.153044674980175;363.17354767200004;3;1;4.987500000000003;yes
683;CHEMBL3703155;nM;704.0;NC1(CCC1)c2ccc(cc2)c3nc4c(O)cccn4c3c5ccccc5;6.152427340857887;355.168462292;4;2;4.711800000000003;yes
684;CHEMBL1257163;nM;707.0;N[C@H](Cc1ccc(cc1)C(F)(F)F)C(=O)N2CCN(CC2)c3ncnc4ccccc34;6.150580586203099;429.17764498400004;5;1;2.8672000000000013;yes
685;CHEMBL2325986;nM;709.0;CC(NC(=O)C1(N)CCN(CC1)c2ncnc3[nH]ccc23)c4ccccc4;6.149353764816933;364.20115938799995;5;3;2.133;yes
686;CHEMBL3703142;nM;711.0;Nc1ccn2c(c3ccccc3)c(nc2c1)c4ccc(cc4)C5(N)CCC5;6.148130399270233;354.18444670400004;4;2;4.588400000000004;yes
687;CHEMBL379849;nM;720.0;Fc1ccccc1\C=C\2/CNC\C(=C/c3ccccc3F)\C2=O;6.142667503568732;311.11217053999997;2;1;3.6041000000000016;yes
688;CHEMBL3699765;nM;736.0;Cc1cc(c2ccn[nH]2)c3nc(c4ccc(cc4)C5(N)CCC5)c(c6ccccc6)n3c1;6.133122185662501;419.21099580000003;4;2;5.7047200000000045;yes
689;CHEMBL188434;nM;741.0;CCn1c(nc2cncc(CNC3CCNCC3)c12)c4nonc4N;6.1301817920206725;342.191657324;9;3;0.9249999999999998;yes
690;CHEMBL3699748;nM;749.0;NC1(CCC1)c2ccc(cc2)c3nc4c(cccn4c3c5ccccc5)c6ccc7cn[nH]c7c6;6.125518182300532;455.2109958000001;4;2;6.549500000000005;yes
692;CHEMBL3672029;nM;761.0;COC(=O)c1cnn2cc(c(nc12)c3ccc(CN4CC(C4)c5n[nH]c(n5)c6ccccn6)cc3)c7c(F)cccc7F;6.118615343229427;578.199028448;9;1;4.907600000000004;yes
693;CHEMBL3699692;nM;769.0;CC(O)c1ccc2nc(c3ccc(cc3)C4(N)CCC4)c(c5ccccc5)n2c1;6.114073660198568;383.19976242;4;2;5.059500000000004;yes
694;CHEMBL261249;nM;770.0;NCC1CCN(CC1)c2ncnc3[nH]ccc23;6.113509274827518;231.14839554399998;4;2;1.1329999999999996;yes
695;CHEMBL3699740;nM;777.0;NC1(CCC1)c2ccc(cc2)c3nc4nc(OCCN5CCCC5=O)ccn4c3c6ccccc6;6.1095789811990855;467.23212516800004;6;1;4.402400000000004;yes
696;CHEMBL2177826;nM;800.0;Nc1ncccc1c2nc3cc(cnc3n2c4ccc(CNC(=O)c5ccccc5)cc4)C6CCCC6;6.096910013008057;488.23245951599995;6;2;5.652300000000005;yes
697;CHEMBL3672094;nM;801.0;OCc1cnn2cc(c(nc12)c3ccc(CN4CC(C4)c5n[nH]c(n5)c6ccccn6)cc3)c7c(F)cccc7F;6.096367483915763;550.2041138280001;8;2;4.613300000000003;yes
698;CHEMBL2325990;nM;805.0;CC(NC(=O)C1(N)CCN(CC1)c2ncnc3[nH]ccc23)c4ccc(cc4)S(=O)(=O)C;6.094204119632131;442.1787096919999;7;3;1.5365000000000002;yes
700;CHEMBL265451;nM;830.0;NC1CCN(CC1)c2ncnc3[nH]ncc23;6.080921907623925;218.12799444799998;5;2;0.2803999999999996;yes
701;CHEMBL2325742;nM;836.0;C[C@@H](NC(=O)C1(N)CCN(CC1)c2ncnc3[nH]ccc23)c4ccc(Cl)cc4;6.077793722560982;398.162187036;5;3;2.7864000000000013;yes
703;CHEMBL3703152;nM;871.0;N[C@@]1(C[C@H](O)C1)c2ccc(cc2)c3nc4nc(O)ccn4c3c5ccccc5;6.059981844992336;372.15862588;6;3;3.0776000000000012;yes
704;CHEMBL1258899;nM;872.0;N[C@H](Cc1ccc(F)c(F)c1)C(=O)N2CCN(CC2)c3ncnc4ccccc34;6.059483515067433;397.17141673200007;5;1;2.126599999999999;yes
705;CHEMBL264965;nM;880.0;NC1CCN(CC1)c2ccnc3[nH]ccc23;6.055517327849832;216.13749651199998;3;2;1.4903999999999995;yes
707;CHEMBL265193;nM;920.0;NCC1CCN(CC1)c2ncnc3[nH]ncc23;6.036212172654443;232.14364451199998;5;2;0.5279999999999998;yes
708;CHEMBL252457;nM;928.0;CSc1ncc2cc(c3ccccc3)c(nc2n1)c4ccc(CN5CCC(CC5)C(=O)N)cc4;6.032452023781137;469.19363148400004;6;1;4.778000000000004;yes
709;CHEMBL3982161;nM;970.0;NC1(CCC1)c2ccc(cc2)c3nc4c(O)nccn4c3c5ccccc5;6.013228265733755;356.16371126;5;2;4.1068000000000024;yes
710;CHEMBL493911;nM;1000.0;CCn1c(nc2cncc(OC3CCNCC3)c12)c4nonc4N;6.0;329.16002284800004;9;2;1.2141999999999997;yes
712;CHEMBL1258779;nM;1067.0;N[C@H](Cc1ccc(Cl)cc1Cl)C(=O)N2CCN(CC2)c3ncnc4ccccc34;5.97183558057553;429.11231565200006;5;1;3.1552000000000016;yes
714;CHEMBL3672016;nM;1080.0;C(N1CCC(CC1)c2nc3cccnc3[nH]2)c4ccc(cc4)c5nc6ccnn6cc5c7ccccc7;5.966576244513051;485.2327938640001;6;1;5.714200000000004;yes
716;CHEMBL3703170;nM;1093.0;Cc1cccc2nc(c3ccc(cc3)C4(N)CCC4)c(c5ccccc5)n12;5.961379838050298;353.18919773600004;3;1;5.314620000000004;yes
717;CHEMBL3672056;nM;1100.0;Cc1nc2nc(c3ccc(CN4CCC(CC4)c5n[nH]c(n5)c6cnccn6)cc3)c(cn2n1)c7ccc(F)cc7F;5.9586073148417755;564.2309972720002;9;1;4.999620000000005;yes
718;CHEMBL403354;nM;1160.0;CSc1ncc2cc(c3ccccc3)c(nc2n1)c4ccc(CNCCc5cccnc5)cc4;5.935542010773082;463.18306680000006;6;1;5.808000000000006;yes
719;CHEMBL572629;nM;1179.0;CC1=NC(=C(NC1=O)c2ccc(CN3CCC(CC3)N4C(=O)Nc5ccccc45)cc2)c6ccccc6;5.928486194904911;491.23212516800004;5;2;4.892420000000004;yes
721;CHEMBL3667045;nM;1220.0;C(N1CCC(CC1)c2nc3ccncc3[nH]2)c4ccc(cc4)c5nc6nccn6cc5c7ccccc7;5.9136401693252525;485.2327938640001;6;1;5.714200000000005;yes
722;CHEMBL255559;nM;1228.0;Nc1nn(CCO)c2nc(c3ccc(CN4CCC(CC4)N5C(=O)Nc6ccccc56)cc3)c(cc12)c7ccccc7;5.9108016331948505;559.2695732960001;8;3;4.819900000000003;yes
723;CHEMBL252054;nM;1242.0;CSc1ncc2cc(c3ccccc3)c(nc2n1)c4ccc(CNCCc5c[nH]cn5)cc4;5.905878404159439;452.17831576800006;6;2;5.136100000000004;yes
724;CHEMBL1258442;nM;1288.0;N[C@H](Cc1ccc(F)cc1)C(=O)N2CCN(CC2)c3ncnc4ccccc34;5.890084136976206;379.18083854400004;5;1;1.9874999999999998;yes
725;CHEMBL276130;nM;1299.0;CSc1ncc2cc(c3ccccc3)c(nc2n1)c4ccc(CNCCC(=O)N)cc4;5.886390848926972;429.16233135600004;6;2;4.045700000000002;yes
727;CHEMBL3703160;nM;1318.0;CCC(=O)CCc1ccc2nc(c3ccc(cc3)C4(N)CCC4)c(c5ccccc5)n2c1;5.880084589742008;423.231062548;4;1;5.917900000000006;yes
729;CHEMBL3699769;nM;1375.0;Cc1cc(C(=O)N)c2nc(c3ccc(cc3)C4(N)CCC4)c(c5ccccc5)n2c1;5.8616973018337175;396.195011388;4;2;4.413520000000003;yes
730;CHEMBL252056;nM;1381.0;CSc1ncc2cc(c3ccccc3)c(nc2n1)c4ccc(CNCCc5nccs5)cc4;5.8598063214213685;469.13948773600004;7;1;5.869500000000005;yes
731;CHEMBL2035019;nM;1439.0;NC1(CCC1)c2ccc(cc2)c3nn4ccnc4cc3c5ccccc5;5.841939206063395;340.16879664;4;1;4.401200000000003;yes
733;CHEMBL3699737;nM;1483.0;CN(C)C(=O)c1ccc2nc(c3ccc(cc3)C4(N)CCC4)c(c5ccccc5)n2c1;5.828858848971617;410.210661452;4;1;4.708000000000004;yes
734;CHEMBL1258550;nM;1485.0;COc1ccc(C[C@@H](N)C(=O)N2CCN(CC2)c3ncnc4ccccc34)cc1;5.828273546346768;391.20082504000004;6;1;1.857000000000001;yes
735;CHEMBL564972;nM;1500.0;O=C1COc2ccc(cc2N1)c3cc(cc(n3)c4ccc5OC(=O)Nc5c4)c6ccccc6;5.823908740944319;435.121906024;5;2;4.8480000000000025;yes
736;CHEMBL252259;nM;1514.0;CSc1ncc2cc(c3ccccc3)c(nc2n1)c4ccc(CNCCCn5ccnc5)cc4;5.8198741248359465;466.19396583200006;7;1;5.457100000000005;yes
737;CHEMBL3699725;nM;1592.0;NC1(CCC1)c2ccc(cc2)c3nc4c(C=C)cccn4c3c5ccccc5;5.79805693659835;365.18919773600004;3;1;5.649200000000005;yes
738;CHEMBL375509;nM;1600.0;CNCc1cccc(c1)c2ncnc3[nH]cnc23;5.795880017344076;239.11709541599998;4;2;1.7392999999999998;yes
740;CHEMBL252055;nM;1709.0;CSc1ncc2cc(c3ccccc3)c(nc2n1)c4ccc(CNCCc5nc[nH]n5)cc4;5.767257937279263;453.1735647360001;7;2;4.531100000000003;yes
741;CHEMBL3672479;nM;1726.0;Cc1cnc2cc(c3ccccc3)c(nn12)c4ccc(cc4)C5(N)CCC5;5.762959208620808;354.18444670400004;4;1;4.709620000000004;yes
743;CHEMBL403355;nM;1792.0;CSc1ncc2cc(c3ccccc3)c(nc2n1)c4ccc(CNCCc5n[nH]c(C)n5)cc4;5.746661994673892;467.1892148000001;7;2;4.839520000000004;yes
745;CHEMBL2338333;nM;1900.0;CN1C\C(=C/c2ccccn2)\C(=O)\C(=C\c3ccccn3)\C1;5.721246399047171;291.137162164;4;0;2.458100000000001;yes
747;CHEMBL1956071;nM;1950.0;CCn1c(nc2cncc(C(=O)N3CC[C@H](N)C3)c12)c4nonc4N;5.709965388637482;342.15527181600004;9;2;0.2565999999999999;yes
748;CHEMBL3699702;nM;1958.0;COCCNCc1ccc2nc(c3ccc(cc3)C4(N)CCC4)c(c5ccccc5)n2c1;5.70818731253288;426.24196158;5;2;4.742200000000004;yes
749;CHEMBL2177376;nM;2005.0;C[C@@H]1C[C@@H](O)c2ncnc(N3CCN(CC3)C(=O)[C@H](CNCC(F)(F)F)c4ccc(Cl)cc4)c12;5.697885623043799;497.18053744400004;6;2;3.254900000000001;yes
750;CHEMBL3703167;nM;2026.0;NC1(CCC1)c2ccc(cc2)c3nc4cc(O)ccn4c3c5ccccc5;5.693360558975738;355.168462292;4;2;4.711800000000003;yes
753;CHEMBL252653;nM;2106.0;CSc1ncc2cc(c3ccccc3)c(nc2n1)c4ccc(CN5CCC(CC5)C(=O)NCCC(=O)N)cc4;5.676541633150532;540.230745264;7;2;4.284300000000003;yes
755;CHEMBL523695;nM;2340.0;CCn1c(nc2cncc(C(=O)N3CC[C@@H](N)C3)c12)c4nonc4N;5.6307841425898575;342.15527181600004;9;2;0.2565999999999999;yes
757;CHEMBL493066;nM;2510.0;CCn1c(nc2cncc(C(=O)N3CCNCC3)c12)c4nonc4N;5.600326278518962;342.15527181600004;9;2;0.12879999999999991;yes
758;CHEMBL494662;nM;2570.0;CCn1c(nc2cncc(C(=O)NC3CCNCC3)c12)c4nonc4N;5.590066876668706;356.17092188000004;9;3;0.5651999999999997;yes
759;CHEMBL226870;nM;3000.0;NCCCc1ccc(cc1)c2cn[nH]c2;5.522878745280337;201.12659748;2;2;1.968;yes
760;CHEMBL2012701;nM;3021.0;CCc1n[nH]c2ncnc(N3CCN(CC3)c4cc(Cl)cc(NCCN(C)C)c4C)c12;5.5198492747267185;442.23602067200005;7;2;3.177220000000001;yes
761;CHEMBL227998;nM;3200.0;NCCc1cccc(c1)c2ncnc3[nH]cnc23;5.494850021680094;239.11709541599998;4;2;1.5210999999999997;yes
762;CHEMBL2036343;nM;3300.0;O=C1\C(=C\c2ccccn2)\CSC/C/1=C\c3ccccn3;5.481486060122112;294.08268406800005;4;0;3.259500000000002;yes
764;CHEMBL506153;nM;3980.0;CCn1c(nc2cncc(C(=O)NCCNC)c12)c3nonc3N;5.4001169279263115;330.15527181600004;9;3;0.03260000000000096;yes
765;CHEMBL2177383;nM;4177.0;CC(C)NC[C@@H](C(=O)N1CCN(CC1)c2ncnc3c2[C@H](C)CC3(F)F)c4ccc(Cl)cc4;5.379135524734878;477.2106947;5;1;4.159400000000003;yes
766;CHEMBL590109;nM;4200.0;NCCn1cc(c2cc(c3cc4ccccc4s3)c5[nH]ncc5c2)c6nc(N)ncc16;5.376750709602098;425.1422646080001;7;3;4.397200000000002;yes
767;CHEMBL1258441;nM;4371.0;N[C@H](Cc1ccc(cc1)C#N)C(=O)N2CCN(CC2)c3ncnc4ccccc34;5.359419193510346;386.185509324;6;1;1.7200799999999998;yes
769;CHEMBL3672504;nM;4823.0;Cc1nc2cc(c3ccccc3)c(nn2c1c4ccc(cc4)C(=O)N)c5ccc(cc5)C6(N)CCC6;5.316682738078118;473.22156048400007;5;2;5.475520000000005;yes
770;CHEMBL1257281;nM;4951.0;COc1cc(C[C@@H](N)C(=O)N2CCN(CC2)c3ncnc4ccccc34)cc(OC)c1;5.305307073668517;421.211389724;7;1;1.8656000000000008;yes
771;CHEMBL1257280;nM;5027.0;N[C@H](Cc1cc(F)cc(F)c1)C(=O)N2CCN(CC2)c3ncnc4ccccc34;5.298691114771924;397.17141673200007;5;1;2.126599999999999;yes
772;CHEMBL3672503;nM;5107.0;Cc1nc2cc(c3ccccc3)c(nn2c1c4ccc(F)cc4)c5ccc(cc5)C6(N)CCC6;5.29183414214446;448.20632502000007;4;1;6.515720000000005;yes
773;CHEMBL252654;nM;5127.0;CSc1ncc2cc(c3ccccc3)c(nc2n1)c4ccc(CN5CCC(CC5)NC(=O)CNC(=O)C)cc4;5.2901366825595995;540.230745264;7;2;4.297400000000002;yes
774;CHEMBL228224;nM;5200.0;Cc1n[nH]cc1c2ccc(CCN)cc2;5.2839966563652006;201.12659748;2;2;1.8863199999999998;yes
775;CHEMBL3672505;nM;5228.0;Cc1nc2cc(c3ccccc3)c(nn2c1c4ccn[nH]4)c5ccc(cc5)C6(N)CCC6;5.281664421091493;420.20624476800003;5;2;5.099720000000004;yes
777;CHEMBL1258778;nM;5586.0;N[C@H](Cc1cccc(Cl)c1)C(=O)N2CCN(CC2)c3ncnc4ccccc34;5.2528990686350125;395.15128800400004;5;1;2.5018000000000002;yes
779;CHEMBL593573;nM;6300.0;CCNc1nc(c2cocc2)c(cc1OC[C@@H](N)Cc3ccccc3)c4cnc5[nH]nc(C)c5n4;5.200659450546418;469.2226231040001;8;3;4.363920000000002;yes
780;CHEMBL376388;nM;6900.0;CNCc1ccc(cc1)c2ncnc3[nH]cnc23;5.161150909262744;239.11709541599998;4;2;1.7392999999999998;yes
783;CHEMBL2325988;nM;8111.0;CC(NC(=O)C1(N)CCN(CC1)c2ncnc3[nH]ccc23)c4cccnc4;5.090925598599097;365.196408356;6;3;1.5279999999999998;yes
785;CHEMBL1258329;nM;8362.0;N[C@H](Cc1ccccc1)C(=O)N2CCN(CC2)c3ncnc4ccccc34;5.077689836785604;361.190260356;5;1;1.8484;yes
786;CHEMBL2325991;nM;8578.0;COc1ccc(cc1OC)C(C)NC(=O)C2(N)CCN(CC2)c3ncnc4[nH]ccc34;5.066613958096946;424.22228875600007;7;3;2.1502;yes
787;CHEMBL251860;nM;8923.0;CSc1ncc2cc(c3ccccc3)c(nc2n1)c4ccc(CNCCCN5CCN(C)CC5)cc4;5.049489107014002;498.25656608800006;7;1;4.807800000000005;yes
788;CHEMBL227727;nM;9500.0;NCCc1ccc(cc1)c2ncnc3[nH]cnc23;5.022276394711152;239.11709541599998;4;2;1.5210999999999997;yes
789;CHEMBL2420911;nM;9500.0;C1CNCC2(C1)CCN(CC2)c3ncnc4[nH]cnc34;5.022276394711152;272.17494464;5;2;1.3228999999999989;yes
791;CHEMBL493067;nM;10000.0;CCn1c(nc2cncc(C(=O)NC3CCCNC3)c12)c4nonc4N;5.0;356.17092188000004;9;3;0.5651999999999997;yes
792;CHEMBL3884319;nM;10000.0;CC1(C)C(=O)N([C@H]2CCc3c(O)cccc23)c4nc(Nc5ccccc5)ncc14;5.0;386.174275944;5;2;4.2375000000000025;yes
793;CHEMBL3672512;nM;10120.0;COC(=O)\C=C\c1c(C)nc2cc(c3ccccc3)c(nn12)c4ccc(cc4)C5(N)CCC5;4.99481948749622;438.20557607200004;6;1;4.895820000000004;yes
794;CHEMBL226766;nM;12000.0;Cc1[nH]ncc1c2ccc(CN)cc2;4.920818753952375;187.110947416;2;2;1.8438199999999998;yes
796;CHEMBL440560;nM;15700.0;O=C1NC(=C(N=C1)c2ccc(CN3CCC(CC3)N4C(=O)Nc5ccccc45)cc2)c6ccccc6;4.804100347590767;477.21647510400004;5;2;4.584000000000003;yes
797;CHEMBL2325989;nM;16498.0;CC(NC(=O)C1(N)CCN(CC1)c2ncnc3[nH]ccc23)c4ccccn4;4.782568700732144;365.196408356;6;3;1.5279999999999998;yes
798;CHEMBL3672513;nM;16689.0;Cc1nc2cc(c3ccccc3)c(nn2c1C=C)c4ccc(cc4)C5(N)CCC5;4.777569685339508;380.20009676800004;4;1;5.352620000000004;yes
799;CHEMBL3672501;nM;16725.0;Cc1nc2cc(c3ccccc3)c(nn2c1c4ccc(F)c(CO)c4)c5ccc(cc5)C6(N)CCC6;4.776633873560139;478.21688970400004;5;2;6.008020000000006;yes
800;CHEMBL3672500;nM;16764.0;Cc1nc2cc(c3ccccc3)c(nn2c1c4cccc(c4)C(=O)N)c5ccc(cc5)C6(N)CCC6;4.775622347838193;473.22156048400007;5;2;5.475520000000005;yes
801;CHEMBL3672506;nM;17150.0;Cc1cc([nH]n1)c2c(C)nc3cc(c4ccccc4)c(nn23)c5ccc(cc5)C6(N)CCC6;4.7657358756212105;434.22189483200003;5;2;5.408140000000005;yes
802;CHEMBL252260;nM;17470.0;CSc1ncc2cc(c3ccccc3)c(nc2n1)c4ccc(CN(C)CCc5cn[nH]c5)cc4;4.757707095017069;466.19396583200006;6;1;5.478300000000005;yes
803;CHEMBL428462;nM;18000.0;Clc1ccc(cc1)C2(CCNCC2)c3ccc(cc3)c4cn[nH]c4;4.7447274948966935;337.13457532000007;2;2;4.399600000000003;yes
805;CHEMBL3672514;nM;20000.0;CCc1c(C)nc2cc(c3ccccc3)c(nn12)c4ccc(cc4)C5(N)CCC5;4.698970004336019;382.21574683200004;4;1;5.272020000000005;yes
806;CHEMBL3639713;nM;20000.0;Cc1cn2nc(c3ccc(cc3)C4(N)CCC4)c(cc2n1)c5ccccc5;4.698970004336019;354.184446704;4;1;4.709620000000004;yes
807;CHEMBL3672511;nM;20000.0;Cc1nc2cc(c3ccccc3)c(nn2c1\C=C\C(=O)N)c4ccc(cc4)C5(N)CCC5;4.698970004336019;423.20591042000007;5;2;4.208120000000001;yes
808;CHEMBL362455;nM;23000.0;CC(C)(N)c1ccc(cc1)c2nc3ccccc3nc2c4ccccc4;4.638272163982408;339.17354767200004;3;1;5.157600000000004;yes
809;CHEMBL178397;nM;24000.0;CC1=NC(=C(NC1=O)c2ccccc2)c3ccc(CN4CCC(CC4)N5C(=O)Nc6ccccc56)cc3;4.619788758288394;491.23212516800004;5;2;4.892420000000004;yes
810;CHEMBL460472;nM;25000.0;COc1ccc2c(Oc3ccc(NC(=O)C4=C(C)N(CC(C)(C)O)N(C4=O)c5ccccc5)nc3)ccnc2c1;4.6020599913279625;539.216869028;9;2;4.714720000000003;yes
812;CHEMBL1258663;nM;26500.0;N[C@H](Cc1ccccc1Cl)C(=O)N2CCN(CC2)c3ncnc4ccccc34;4.576754126063191;395.15128800400004;5;1;2.5018000000000002;yes
813;CHEMBL223393;nM;31000.0;NCC(c1ccc(Cl)cc1)c2ccc(cc2)c3cn[nH]c3;4.508638306165727;297.103275192;2;2;3.820700000000002;yes
814;CHEMBL227924;nM;34000.0;NC[C@@H](c1ccc(Cl)cc1)c2ccc(cc2)c3cn[nH]c3;4.4685210829577455;297.103275192;2;2;3.820700000000002;yes
816;CHEMBL1257164;nM;37826.0;N[C@H](Cc1ccc(cc1)c2ccccc2)C(=O)N3CCN(CC3)c4ncnc5ccccc45;4.422209581778241;437.22156048400007;5;1;3.5154000000000023;yes
817;CHEMBL264667;nM;41000.0;NC(=O)C1CCN(CC1)c2ncnc3[nH]cnc23;4.3872161432802645;246.12290906799998;5;2;0.05460000000000004;yes
819;CHEMBL2177830;nM;51000.0;Nc1ncccc1c2nc3cc(cnc3n2c4ccc(CNC(=O)c5ccccc5)cc4)c6ccccc6;4.292429823902062;496.20115938799995;6;2;5.661700000000004;yes
820;CHEMBL264666;nM;59000.0;C1CCN(CC1)c2ncnc3[nH]cnc23;4.229147988357856;203.11709541599998;4;1;1.3431999999999997;yes
821;CHEMBL2420909;nM;66000.0;C1CCC2(CCN(CC2)c3ncnc4[nH]cnc34)NC1;4.180456064458132;272.17494464;5;2;1.4653999999999998;yes
822;CHEMBL540487;nM;72000.0;Cc1n[nH]c(C)c1c2ccccc2;4.142667503568732;172.100048384;1;1;2.6935400000000005;yes
823;CHEMBL228114;nM;80000.0;Cc1n[nH]cc1c2ccccc2;4.096910013008056;158.08439832;1;1;2.3851200000000006;yes
824;CHEMBL265194;nM;110000.0;Cc1nc2c(ncnc2[nH]1)N3CCC(N)CC3;3.958607314841775;232.14364451199998;5;2;0.58882;yes
825;CHEMBL390066;nM;135000.0;c1ccc(cc1)c2cn[nH]c2;3.8696662315049934;144.068748256;1;1;2.0766999999999998;yes
826;CHEMBL1609052;nM;660000.0;Cc1n[nH]c(N)c1c2ccccc2;3.180456064458132;173.095297352;2;2;1.9673199999999997;yes
